time,open,high,low,close,Zero Line,Sym1 Diff,Sym2 Diff,Sym3 Diff,Correlation
1085605200,0.97399,0.97399,0.9476,0.9476,0,NaN,0,0,NaN
1086210000,0.9476,0.952515,0.938435,0.938435,0,NaN,0,0,NaN
1086814800,0.938435,0.954745,0.938435,0.94679,0,NaN,0,0,NaN
1087419600,0.94679,0.94679,0.93384,0.93576,0,NaN,0,0,NaN
1088024400,0.93576,0.945715,0.927945,0.93201,0,NaN,0,0,NaN
1088629200,0.93201,0.954835,0.93201,0.954835,0,NaN,0,0,NaN
1089234000,0.954835,0.95845,0.948905,0.956985,0,NaN,0,0,NaN
1089838800,0.956985,0.9602,0.945225,0.945225,0,NaN,0,0,NaN
1090443600,0.945225,0.945495,0.929715,0.929715,0,NaN,0,0,NaN
1091048400,0.929715,0.937205,0.9264,0.9264,0,NaN,0,0,NaN
1091653200,0.9264,0.94742,0.9264,0.94742,0,NaN,0,0,NaN
1092258000,0.94742,0.95161,0.933315,0.933315,0,NaN,0,0,NaN
1092862800,0.933315,0.940115,0.920685,0.921025,0,NaN,0,0,NaN
1093467600,0.921025,0.92434,0.91971,0.91971,0,NaN,0,0,NaN
1094072400,0.91971,0.91971,0.89401,0.89859,0,NaN,0,0,NaN
1094677200,0.89859,0.907815,0.887115,0.90159,0,NaN,0,0,NaN
1095282000,0.90159,0.90773,0.90159,0.906085,0,NaN,0,0,NaN
1095886800,0.906085,0.913035,0.906085,0.911205,0,NaN,0,0,NaN
1096491600,0.911205,0.91781,0.911205,0.911455,0,NaN,0,0,NaN
1097096400,0.911455,0.921535,0.911455,0.912115,0,NaN,0,0,1
1097701200,0.912115,0.91634,0.911705,0.915125,0,NaN,0,0,1
1098306000,0.915125,0.916885,0.911865,0.912955,0,NaN,0,0,1
1098910800,0.912955,0.914875,0.911325,0.913535,0,NaN,0,0,1
1099519200,0.913535,0.914455,0.90412,0.907025,0,NaN,0,0,1
1100124000,0.907025,0.93279,0.907025,0.93279,0,NaN,0,0,1
1100728800,0.93279,0.93848,0.928635,0.93054,0,NaN,0,0,1
1101333600,0.93054,0.931795,0.915705,0.919835,0,NaN,0,0,1
1101938400,0.919835,0.935715,0.919835,0.921615,0,NaN,0,0,1
1102543200,0.921615,0.935585,0.918275,0.935585,0,NaN,0,0,1
1103148000,0.935585,0.94823,0.933885,0.94823,0,NaN,0,0,1
1103752800,0.94823,0.94823,0.936765,0.936765,0,NaN,0,0,1
1104357600,0.936765,0.939405,0.936765,0.938655,0,NaN,0,0,1
1104703200,0.938575,0.94362,0.930925,0.93297,0,NaN,0,0,1
1105308000,0.93419,0.93506,0.914365,0.92383,0,NaN,0,0,1
1105912800,0.92443,0.942995,0.917515,0.940425,0,NaN,0,0,1
1106517600,0.939545,0.96567,0.9348,0.960105,0,NaN,0,0,1
1107122400,0.95928,0.96576,0.95288,0.9627,0,NaN,0,0,1
1107727200,0.96066,0.974895,0.95288,0.971725,0,NaN,0,0,1
1108332000,0.97144,0.975085,0.9626,0.97097,0,NaN,0,0,1
1108936800,0.971725,0.983965,0.96763,0.973995,0,NaN,0,0,1
1109541600,0.975325,0.979765,0.9667,0.973995,0,NaN,0,0,1
1110146400,0.972765,0.977855,0.948185,0.956895,0,NaN,0,0,1
1110751200,0.955975,0.95813,0.947555,0.95616,0,NaN,0,0,1
1111356000,0.95561,0.957715,0.93541,0.939895,0,NaN,0,0,1
1111960800,0.939985,0.942685,0.93149,0.93646,0,NaN,0,0,1
1112562000,0.93585,0.94922,0.931015,0.948365,0,NaN,0,0,1
1113166800,0.948185,0.9652,0.946835,0.957905,0,NaN,0,0,1
1113771600,0.95735,0.96698,0.95229,0.964785,0,NaN,0,0,1
1114376400,0.963855,0.985465,0.96297,0.982995,0,NaN,0,0,1
1114981200,0.98261,0.986045,0.960475,0.96325,0,NaN,0,0,1
1115586000,0.96205,0.969415,0.954885,0.96344,0,NaN,0,0,1
1116190800,0.96372,0.964275,0.95102,0.957255,0,NaN,0,0,1
1116795600,0.955885,0.96665,0.953245,0.957075,0,NaN,0,0,1
1117400400,0.957165,0.95974,0.93262,0.94317,0,NaN,0,0,1
1118005200,0.94291,0.96548,0.942285,0.95288,0,NaN,0,0,1
1118610000,0.9537,0.96279,0.949265,0.95625,0,NaN,0,0,1
1119214800,0.956665,0.96362,0.945225,0.949265,0,NaN,0,0,1
1119819600,0.949175,0.95161,0.92829,0.93401,0,NaN,0,0,1
1120424400,0.93655,0.936985,0.90265,0.904405,0,NaN,0,0,1
1121029200,0.90547,0.91596,0.90155,0.91491,0,NaN,0,0,1
1121634000,0.913995,0.937865,0.91037,0.930795,0,NaN,0,0,1
1122238800,0.929065,0.93866,0.924,0.925625,0,NaN,0,0,1
1122843600,0.924045,0.942195,0.92136,0.93462,0,NaN,0,0,1
1123448400,0.9341,0.93585,0.92119,0.92392,0,NaN,0,0,1
1124053200,0.92511,0.92571,0.90876,0.910165,0,NaN,0,0,1
1124658000,0.910165,0.916125,0.89827,0.90711,0,NaN,0,0,1
1125262800,0.9049,0.910375,0.888455,0.908925,0,NaN,0,0,1
1125867600,0.90868,0.91634,0.907525,0.913075,0,NaN,0,0,1
1126472400,0.91241,0.916125,0.90379,0.90539,0,NaN,0,0,1
1127077200,0.90498,0.9067,0.88531,0.886055,0,NaN,0,0,1
1127682000,0.887785,0.89473,0.88234,0.88637,0,NaN,0,0,1
1128286800,0.88637,0.89997,0.88304,0.888735,0,NaN,0,0,1
1128891600,0.888415,0.89465,0.877845,0.89286,0,NaN,0,0,1
1129496400,0.893975,0.894855,0.878545,0.88968,0,NaN,0,0,1
1130101200,0.889045,0.8933,0.88032,0.88176,0,NaN,0,0,1
1130709600,0.88308,0.884915,0.86033,0.86783,0,NaN,0,0,1
1131314400,0.867075,0.875235,0.86584,0.87192,0,NaN,0,0,1
1131919200,0.87138,0.875545,0.866515,0.87146,0,NaN,0,0,1
1132524000,0.870625,0.877925,0.85855,0.86081,0,NaN,0,0,1
1133128800,0.858665,0.87074,0.85635,0.869265,0,NaN,0,0,1
1133733600,0.868435,0.872635,0.863,0.868735,0,NaN,0,0,1
1134338400,0.866775,0.872565,0.85815,0.861995,0,NaN,0,0,1
1134943200,0.86326,0.867115,0.847565,0.84933,0,NaN,0,0,1
1135548000,0.84933,0.858555,0.84699,0.85179,0,NaN,0,0,1
1136152800,0.85179,0.880785,0.850265,0.878965,0,NaN,0,0,1
1136757600,0.878115,0.883275,0.870475,0.876885,0,NaN,0,0,1
1137362400,0.874585,0.881015,0.86029,0.862145,0,NaN,0,0,1
1137967200,0.86356,0.873475,0.86096,0.86162,0,NaN,0,0,1
1138572000,0.86125,0.86708,0.856165,0.85712,0,NaN,0,0,1
1139176800,0.857705,0.857855,0.84588,0.85034,0,NaN,0,0,1
1139781600,0.850845,0.859365,0.848035,0.85056,0,NaN,0,0,1
1140386400,0.85056,0.855725,0.843525,0.849185,0,NaN,0,0,1
1140991200,0.849185,0.850555,0.83991,0.845595,0,NaN,0,0,1
1141596000,0.84488,0.85576,0.84069,0.84947,0,NaN,0,0,1
1142200800,0.84969,0.855215,0.84161,0.842535,0,NaN,0,0,1
1142805600,0.843955,0.843955,0.82471,0.827405,0,NaN,0,0,1
1143410400,0.82802,0.838365,0.821285,0.83731,0,NaN,0,0,1
1144011600,0.83675,0.849475,0.8325,0.834585,0,NaN,0,0,1
1144616400,0.83389,0.84317,0.83278,0.838505,0,NaN,0,0,1
1145221200,0.83731,0.850055,0.83696,0.84674,0,NaN,12.728931890469696,28.868378024980554,1
1145826000,0.848,0.852075,0.84069,0.84839,0,NaN,-6.942248773482781,47.58511310077967,1
1146430800,0.84767,0.858075,0.841115,0.854045,0,NaN,-15.37406283480248,62.64617146353828,1
1147035600,0.854995,0.859885,0.848105,0.85734,0,NaN,0.6076886851893022,79.74756352702973,1
1147640400,0.85881,0.86081,0.842745,0.8476,0,NaN,-14.663179686198006,67.75683005462834,1
1148245200,0.847745,0.851065,0.83661,0.8378,0,NaN,-28.79332280007671,55.8253947150027,1
1148850000,0.83717,0.84189,0.822035,0.82809,0,NaN,-42.39951637470588,61.28749232912703,1
1149454800,0.82761,0.83829,0.822845,0.82768,0,NaN,-36.5123538171452,61.172572787479695,1
1150059600,0.827265,0.83084,0.814665,0.828705,0,NaN,3.2470767865559935,35.40580251809437,1
1150664400,0.828915,0.83112,0.812215,0.82156,0,NaN,-1.0107386473414053,31.541212315410846,1
1151269200,0.817925,0.8307,0.81268,0.829395,0,NaN,10.918160883713341,10.739168572698397,1
1151874000,0.829325,0.838575,0.822575,0.83682,0,NaN,26.988809264748163,16.41521605477824,1
1152478800,0.83731,0.857635,0.83633,0.85012,0,NaN,56.93947465839078,13.729828253266184,1
1153083600,0.849835,0.858,0.8431,0.856015,0,NaN,63.561904376261865,-13.203922741962732,1
1153688400,0.85609,0.86866,0.85419,0.86851,0,NaN,46.08803809245828,16.724402259072946,1
1154293200,0.867155,0.86828,0.853095,0.86289,0,NaN,57.63830158201255,32.519046696148074,1
1154898000,0.86341,0.867905,0.849905,0.861845,0,NaN,59.371709486392454,46.72133554827124,1
1155502800,0.8611,0.86348,0.850055,0.854775,0,NaN,55.524581324665256,25.587006341853225,1
1156107600,0.85419,0.85675,0.83717,0.83984,0,NaN,18.061411635651567,35.70501710782783,1
1156712400,0.83949,0.849905,0.83836,0.846955,0,NaN,10.620088122517934,46.19654539426857,1
1157317200,0.84681,0.85837,0.839,0.84495,0,NaN,37.14430719352749,46.83323510525161,1
1157922000,0.844235,0.846095,0.838785,0.842605,0,NaN,41.54614921641111,13.183438497809064,1
1158526800,0.842175,0.853755,0.83675,0.838855,0,NaN,22.39859926939992,-0.8416309474037629,1
1159131600,0.83822,0.8431,0.829325,0.83417,0,NaN,13.323659914433115,5.862523171039934,1
1159736400,0.832845,0.8426,0.832015,0.83584,0,NaN,25.951956467931115,-10.622039229823503,1
1160341200,0.83584,0.855215,0.83493,0.854555,0,NaN,42.36628643100133,-10.215235641784844,1
1160946000,0.85368,0.86155,0.850775,0.853825,0,NaN,23.856112408143147,-13.904247410974971,1
1161550800,0.85368,0.86244,0.85248,0.86051,0,NaN,-7.876177822740839,10.271425504577255,1
1162159200,0.86044,0.880975,0.8597,0.86979,0,NaN,34.866749670206374,36.81739706712893,1
1162764000,0.86987,0.876115,0.86356,0.869035,0,NaN,49.180300559511494,33.712227209136756,1
1163368800,0.86828,0.88222,0.86498,0.88191,0,NaN,45.605636099140945,62.84967004062181,1
1163973600,0.88168,0.886565,0.878235,0.88386,0,NaN,25.561116973678466,79.03881362192715,1
1164578400,0.88484,0.907485,0.880045,0.90318,0,NaN,43.67585418226326,100,1
1165183200,0.90424,0.910705,0.89445,0.9031,0,NaN,51.95368095359718,100,1
1165788000,0.901715,0.910455,0.89803,0.90514,0,NaN,57.118709138013166,95.89724225788108,1
1166392800,0.9049,0.90938,0.89948,0.9081,0,NaN,40.696185342616154,89.69568678652601,1
1166997600,0.90147,0.92115,0.90147,0.919665,0,NaN,71.18755035863363,97.0146809422557,1
1167602400,0.919665,0.93097,0.912865,0.913535,0,NaN,100,83.68914609045675,1
1168207200,0.91429,0.924085,0.911955,0.917475,0,NaN,78.45718246210426,57.375180862757155,1
1168812000,0.917305,0.928335,0.912285,0.92588,0,NaN,75.79417204171668,64.47076657027452,1
1169416800,0.92554,0.939365,0.910705,0.913075,0,NaN,64.91644341719714,39.54221576484184,1
1170021600,0.912575,0.919245,0.907605,0.91781,0,NaN,89.49645466016638,44.98236624409898,1
1170626400,0.91722,0.927515,0.909465,0.910335,0,NaN,53.01431468642283,3.4851954272587893,1
1171231200,0.910415,0.9168,0.905345,0.91537,0,NaN,31.262232760786624,6.210878375451308,1
1171836000,0.91718,0.92477,0.913535,0.918235,0,NaN,9.313550055777322,11.033173670942524,1
1172440800,0.917475,0.92511,0.91638,0.921105,0,NaN,34.86879462859403,18.81998468611875,1
1173045600,0.91916,0.92056,0.906415,0.91462,0,NaN,16.177666595673664,2.18746555622534,1
1173646800,0.916465,0.936635,0.912455,0.936285,0,NaN,14.789011365623482,28.984916308742495,1
1174251600,0.9355,0.945315,0.92726,0.93436,0,NaN,-6.755679842098612,38.77257683549101,1
1174856400,0.93515,0.942285,0.9298,0.93306,0,NaN,-18.889806095888055,32.59966777139415,1
1175461200,0.93304,0.951415,0.93182,0.939825,0,NaN,-36.04532230944138,52.923535737284574,1
1176066000,0.93955,0.949255,0.937885,0.94829,0,NaN,-64.31742620291175,53.01483440395838,1
1176670800,0.947595,0.95001,0.93458,0.94131,0,NaN,-68.27970481544436,59.98438291899807,1
1177275600,0.940885,0.941,0.92352,0.926525,0,NaN,-65.66093139309744,42.43835526019591,1
1177880400,0.9247,0.92583,0.902085,0.909895,0,NaN,-71.47452895277853,27.916698830485405,1
1178485200,0.90943,0.928645,0.908045,0.92341,0,NaN,-97.67275622873835,29.21444184749512,1
1179090000,0.92381,0.928385,0.895785,0.895785,0,NaN,-99.99999999999999,11.450135675525118,1
1179694800,0.898455,0.899075,0.882565,0.88363,0,NaN,-99.99999999999999,-21.071064031960532,1
1180299600,0.88373,0.888985,0.874835,0.88379,0,NaN,-99.99999999999999,-26.141129524918362,1
1180904400,0.883775,0.89931,0.878915,0.89629,0,NaN,-90.79720322098882,-18.87566222035858,1
1181509200,0.8961,0.90138,0.88869,0.899225,0,NaN,-77.76877411140603,-39.33704304014027,1
1182114000,0.89617,0.911875,0.89601,0.90472,0,NaN,-60.495605502767816,-41.76553110725413,1
1182718800,0.90633,0.910895,0.889585,0.90465,0,NaN,-44.04350168472472,-37.337908426131705,1
1183323600,0.902725,0.910835,0.8974,0.900555,0,NaN,-57.189785607901484,-23.077082579304303,1
1183928400,0.900345,0.914185,0.897715,0.912685,0,NaN,-50.70478473733583,8.571651220191056,1
1184533200,0.912965,0.9236,0.90833,0.923205,0,NaN,-52.29227400608815,11.363349715833595,1
1185138000,0.922295,0.92722,0.90439,0.90661,0,NaN,-3.874647979665376,30.951348218642373,1
1185742800,0.90549,0.917685,0.89839,0.903425,0,NaN,-5.499934097927465,33.43650010710496,1
1186347600,0.90169,0.908095,0.88687,0.889465,0,NaN,20.186372094848558,23.970046778040818,1
1186952400,0.89067,0.89639,0.827075,0.845415,0,NaN,34.04339637375822,-44.75217562775318,1
1187557200,0.844515,0.87034,0.837715,0.87023,0,NaN,6.6079154457761184,-16.533836924474087,1
1188162000,0.8718,0.875385,0.85755,0.864165,0,NaN,13.667701013283978,-19.717432795107865,1
1188766800,0.861675,0.873725,0.86141,0.87223,0,NaN,10.076814120789987,-14.488407827503531,1
1189371600,0.87181,0.874275,0.86257,0.86713,0,NaN,1.3666630831998319,-11.892134872190388,1
1189976400,0.867355,0.873915,0.851275,0.8674,0,NaN,-33.159002788638404,-27.731282487897882,1
1190581200,0.866465,0.884645,0.86353,0.881095,0,NaN,-50.002832226366365,-18.892352682519427,1
1191186000,0.88269,0.889475,0.876855,0.88012,0,NaN,-85.377877355334,-10.374378472633031,1
1191790800,0.8825,0.887625,0.876755,0.87913,0,NaN,-84.36239691671244,1.1429533049976848,1
1192395600,0.8797,0.88351,0.85868,0.86081,0,NaN,-99.99999999999999,-10.884028343047842,1
1193000400,0.861905,0.8839,0.855965,0.88361,0,NaN,-100,74.97326106761487,1
1193605200,0.88378,0.88959,0.85598,0.86293,0,NaN,-100.00000000000003,29.925948593478978,1
1194213600,0.86146,0.86961,0.849135,0.86133,0,NaN,-100,40.806318000847796,1
1194818400,0.8567,0.875565,0.842895,0.869105,0,NaN,-50.65247300399679,33.186373853263596,1
1195423200,0.875905,0.877935,0.85414,0.868585,0,NaN,-4.831491527436384,32.17035576573183,1
1196028000,0.869285,0.88829,0.85837,0.88342,0,NaN,37.037154685739715,42.88503619271489,1
1196632800,0.88285,0.8884,0.87525,0.88071,0,NaN,52.0795448143335,-0.8161931208968127,1
1197237600,0.877905,0.89918,0.873625,0.87555,0,NaN,83.8779527725463,-7.616406119401503,1
1197842400,0.878175,0.88122,0.85526,0.86022,0,NaN,64.95012763465226,-46.43846788033811,1
1198447200,0.86089,0.86454,0.8541,0.85999,0,NaN,70.44294991139267,-26.950793207484274,1
1199052000,0.86012,0.87381,0.8578,0.87369,0,NaN,82.62718687885376,-23.936967524102798,1
1199138400,0.87369,0.880605,0.86758,0.876945,0,NaN,100,-15.476482223674687,1
1199743200,0.876945,0.917335,0.87568,0.91501,0,NaN,100,29.127393538843535,1
1200348000,0.91501,0.91824,0.88694,0.89141,0,NaN,62.00468782257889,1.8683414087242198,1
1200952800,0.89141,0.8981,0.881145,0.89232,0,NaN,36.81898124318511,-19.730532156044553,1
1201557600,0.89232,0.908255,0.878755,0.902285,0,NaN,13.990470947284182,1.7335251524998938,1
1202162400,0.902285,0.908465,0.889275,0.905035,0,NaN,20.742865912496207,4.071771628977672,1
1202767200,0.905035,0.92102,0.89204,0.920685,0,NaN,17.613047092158276,24.812459221120605,1
1203372000,0.920685,0.937195,0.91988,0.923455,0,NaN,21.341406879951876,82.71743621386138,1
1203976800,0.923455,0.93194,0.912855,0.93038,0,NaN,24.888389260473144,100,1
1204581600,0.93038,0.93097,0.909365,0.9133,0,NaN,13.965837521961426,49.29004917352178,1
1205182800,0.9133,0.938305,0.910105,0.9198,0,NaN,22.064836888430726,72.76609726844481,1
1205787600,0.9198,0.933005,0.912385,0.921575,0,NaN,25.477293073100142,9.981006006600914,1
1206392400,0.921575,0.944005,0.921175,0.93621,0,NaN,34.44755785705273,64.79292495228948,1
1206997200,0.93621,0.93923,0.915775,0.938815,0,NaN,31.628217157164183,73.07973641244777,1
1207602000,0.938815,0.952955,0.936735,0.944305,0,NaN,53.72470924999066,51.457762168801224,1
1208206800,0.944305,0.950365,0.93393,0.9486,0,NaN,28.218986145781095,65.39609839555037,1
1208811600,0.9486,0.96985,0.941415,0.950705,0,NaN,18.430906680554404,40.922744379915386,1
1209416400,0.950705,0.96045,0.941125,0.95865,0,NaN,39.47181091731386,25.771111999672655,1
1210021200,0.95865,0.961315,0.943845,0.951945,0,NaN,36.529225044858634,-10.768247057879528,1
1210626000,0.951945,0.956995,0.92961,0.94542,0,NaN,18.556898917341393,-5.291817284035311,1
1211230800,0.94542,0.9551,0.940545,0.952415,0,NaN,-1.9117933301374919,-4.539807313722768,1
1211835600,0.952415,0.95802,0.94053,0.956545,0,NaN,-4.794923424156689,8.221072736033186,1
1212440400,0.956545,0.984,0.95359,0.97252,0,NaN,10.216406807838604,-22.667815950306437,1
1213045200,0.97252,0.980255,0.952805,0.962715,0,NaN,32.523173289495425,-30.752669582807762,1
1213650000,0.962715,0.97352,0.957285,0.96766,0,NaN,18.03274856787843,-46.243070590041114,1
1214254800,0.96766,0.97928,0.96483,0.97924,0,NaN,37.416761074517005,-32.206784842382575,1
1214859600,0.97924,0.9832,0.968635,0.97274,0,NaN,29.07978975257757,-15.778932005794832,1
1215464400,0.97274,0.98174,0.96345,0.97789,0,NaN,15.36197494669823,-16.82283483740611,1
1216069200,0.97789,0.984455,0.972705,0.976925,0,NaN,17.163584730316433,0.19319114809871962,1
1216674000,0.976925,0.982235,0.96627,0.978455,0,NaN,53.71675879050983,-1.9380278800656754,1
1217278800,0.978455,0.981495,0.953045,0.963315,0,NaN,64.00486153694159,-54.893713284926235,1
1217883600,0.963315,0.96616,0.940575,0.94498,0,NaN,83.2529573342392,-90.28170914104001,1
1218488400,0.94498,0.94554,0.915135,0.92414,0,NaN,55.95513341876951,-100,1
1219093200,0.92414,0.92913,0.90452,0.907155,0,NaN,35.49377779013742,-100.00000000000001,1
1219698000,0.907155,0.91496,0.89212,0.90712,0,NaN,47.465833042981174,-99.68896071841719,1
1220302800,0.90712,0.912,0.857625,0.86929,0,NaN,52.19189689259829,-100,1
1220907600,0.86929,0.87604,0.84994,0.863605,0,NaN,66.53747479424527,-99.99999999999999,1
1221512400,0.863605,0.881385,0.839175,0.874345,0,NaN,36.8419560782595,-77.85568346833873,1
1222117200,0.874345,0.875675,0.834385,0.84119,0,NaN,55.56398000347909,-96.13771514585059,1
1222722000,0.84119,0.849915,0.770115,0.794175,0,NaN,95.45075626278603,-100,1
1223326800,0.794175,0.809735,0.716895,0.755015,0,NaN,68.51795824039615,-100,1
1223931600,0.755,0.8413,0.755,0.8385,0,NaN,100,-56.903335044186655,1
1224536400,0.8385,0.8493,0.7618,0.7791,0,NaN,100,-81.52009599894228,1
1225141200,0.7791,0.8322,0.7788,0.7991,0,NaN,61.313092443271344,-58.73270387645416,1
1225749600,0.7991,0.82245,0.7835,0.7998,0,NaN,67.55764748182226,-53.12695856188065,1
1226354400,0.7998,0.8138,0.782,0.7953,0,NaN,73.86982014240259,-49.49772587341915,1
1226959200,0.7953,0.81192,0.78432,0.8059,0,NaN,81.52512660930539,-29.708016653671216,1
1227564000,0.8059,0.8154,0.785685,0.79916,0,NaN,100,-39.665428489310806,1
1228168800,0.79916,0.839225,0.78897,0.83077,0,NaN,100,-19.931189347575675,1
1228773600,0.83077,0.8358,0.80988,0.82498,0,NaN,56.644546499994306,33.757796089792755,1
1229378400,0.82498,0.84953,0.81805,0.83545,0,NaN,66.44982772956335,95.68408699536968,1
1229983200,0.83545,0.84953,0.82264,0.83636,0,NaN,0.5869811144892871,45.9909242863075,1
1230588000,0.83636,0.86646,0.834,0.85667,0,NaN,-53.97862949096264,100,1
1230760800,0.85667,0.86896,0.841125,0.85079,0,NaN,4.052723815347022,81.73688370301848,1
1231365600,0.85079,0.85242,0.80839,0.82599,0,NaN,23.601084796264033,64.83457109436436,1
1231970400,0.82599,0.84844,0.81551,0.83061,0,NaN,16.566789350625235,69.07515590084483,1
1232575200,0.83061,0.83496,0.79807,0.80648,0,NaN,-21.81190402292357,44.15738534567955,1
1233180000,0.80648,0.81092,0.772675,0.79297,0,NaN,-25.09160612929447,30.657948051395614,1
1233784800,0.79297,0.83656,0.78881,0.8128,0,NaN,-11.61507165447972,31.798869065474072,1
1234389600,0.8128,0.822955,0.79912,0.8034,0,NaN,-11.678885256548684,13.342241882574534,1
1234994400,0.8034,0.81577,0.7982,0.81339,0,NaN,4.560612805997604,-17.05555781136048,1
1235599200,0.81339,0.835755,0.801665,0.82702,0,NaN,25.76088237627878,-11.309072465634145,1
1236204000,0.82702,0.83854,0.818395,0.83823,0,NaN,36.81747087108332,-16.059640596534244,1
1236805200,0.83823,0.84962,0.82841,0.84341,0,NaN,37.534299956601075,2.523239529980991,1
1237410000,0.84341,0.86597,0.83958,0.85949,0,NaN,-11.199205962368096,42.94610905591618,1
1238014800,0.85949,0.8831,0.846485,0.88109,0,NaN,-2.523306694613975,54.16444944662044,1
1238619600,0.88109,0.89371,0.873815,0.87811,0,NaN,-11.16356338740127,78.35218063722233,1
1239224400,0.87811,0.89393,0.86878,0.87693,0,NaN,-18.7965540671941,87.13579448010435,1
1239829200,0.87693,0.880925,0.860835,0.87453,0,NaN,-2.9787557564644693,61.64319283170487,1
1240434000,0.87453,0.882015,0.85501,0.87435,0,NaN,-20.981705909375286,77.35352486409451,1
1241038800,0.87435,0.87806,0.86407,0.87235,0,NaN,-60.176132809584836,81.27378155729615,1
1241643600,0.87235,0.89238,0.87075,0.88433,0,NaN,-93.82160460893358,96.55447422846947,1
1242248400,0.88433,0.89909,0.8787,0.88497,0,NaN,-99.99999999999999,92.68383180116689,1
1242853200,0.88497,0.88647,0.86936,0.87156,0,NaN,-100,73.93834872354161,1
1243458000,0.87156,0.89345,0.8693,0.88915,0,NaN,-99.99999999999999,65.92109675492094,1
1244062800,0.88915,0.895805,0.875705,0.89043,0,NaN,-91.68776380616086,71.5044513456217,1
1244667600,0.89043,0.911555,0.88798,0.89914,0,NaN,-47.863378255769696,66.98581544494343,1
1245272400,0.89914,0.9232,0.89684,0.92235,0,NaN,-17.61425943032113,79.92387480223505,1
1245877200,0.92235,0.93945,0.91988,0.92941,0,NaN,-53.95135587341812,91.65321315034464,1
1246482000,0.92941,0.93052,0.9024,0.90899,0,NaN,-24.78244767720986,79.85828960958331,1
1247086800,0.90899,0.91219,0.89309,0.89354,0,NaN,-36.124006833429185,67.49190401194821,1
1247691600,0.89354,0.90521,0.89149,0.89702,0,NaN,-32.20095198659019,57.57196678395178,1
1248296400,0.89702,0.902245,0.879765,0.89062,0,NaN,-30.345726013171728,54.699624772055785,1
1248901200,0.89062,0.908695,0.8883,0.89996,0,NaN,-19.94567980719684,63.310761845853804,1
1249506000,0.89996,0.916905,0.89871,0.90822,0,NaN,7.8466645028307385,56.62918910275607,1
1250110800,0.90822,0.92004,0.90484,0.90775,0,NaN,-2.9318435242760854,49.21372791556153,1
1250715600,0.90775,0.913815,0.89855,0.90933,0,NaN,-16.675578151503633,50.64503902772305,1
1251320400,0.90933,0.92776,0.905405,0.92139,0,NaN,-31.728195277175168,46.55850737768422,1
1251925200,0.92139,0.93461,0.9196,0.93007,0,NaN,-20.168836554316112,46.88266111263802,1
1252530000,0.93007,0.937005,0.924795,0.931085,0,NaN,-55.742290495977876,61.984640496316885,1
1253134800,0.931085,0.938485,0.92523,0.93456,0,NaN,-17.309985259561326,73.28266505734464,1
1253739600,0.93456,0.952555,0.9314,0.944105,0,NaN,3.0049063124478543,70.68502128430353,1
1254344400,0.944105,0.947665,0.93408,0.94567,0,NaN,0.2841247138002725,71.45403176855962,1
1254949200,0.94567,0.957945,0.933755,0.93661,0,NaN,-15.722497360140252,68.09288634071552,1
1255554000,0.93661,0.974995,0.93658,0.96896,0,NaN,-14.131658339734031,77.31878862906035,1
1256158800,0.96896,0.98413,0.96468,0.96988,0,NaN,-24.569273153009085,80.89553213766702,1
1256763600,0.96988,0.984,0.95654,0.96711,0,NaN,-21.61525699143685,73.77436603568464,1
1257372000,0.96711,0.99173,0.96256,0.97163,0,NaN,-15.188076966256006,70.5842212532322,1
1257976800,0.97163,0.98493,0.97107,0.98026,0,NaN,-25.057088084203958,75.3585478176652,1
1258581600,0.98026,0.98135,0.969955,0.97428,0,NaN,-5.643537483791485,60.50700860459,1
1259186400,0.97428,0.97532,0.9534,0.97207,0,NaN,1.5057325128967878,61.16234121874006,1
1259791200,0.97207,0.979585,0.954545,0.95816,0,NaN,-23.032025670060072,47.65580910734498,1
1260396000,0.95816,0.9721,0.95009,0.95587,0,NaN,-15.223363474249094,43.8290124494705,1
1261000800,0.95587,0.956355,0.92008,0.92284,0,NaN,8.493382858515929,20.448404375969933,1
1261605600,0.92284,0.944805,0.921075,0.94401,0,NaN,12.32624463355314,12.148684062240108,1
1262210400,0.94401,0.946635,0.93849,0.94563,0,NaN,9.549886772146408,11.719134905815007,1
1262296800,0.94563,0.95463,0.93665,0.94921,0,NaN,8.050337487019284,19.075456307870805,1
1262901600,0.94921,0.96333,0.943505,0.95354,0,NaN,-14.539317758918845,18.459928658503458,1
1263506400,0.95354,0.957895,0.945665,0.94706,0,NaN,-14.4549984278061,10.04251830349871,1
1264111200,0.94706,0.96096,0.944945,0.95391,0,NaN,2.810315014948321,12.529737169847486,1
1264716000,0.95391,0.95535,0.925005,0.92892,0,NaN,-10.633589771461324,-7.9186530310534735,1
1265320800,0.92892,0.94173,0.922945,0.93482,0,NaN,21.495978059625674,-0.10324517515960707,1
1265925600,0.93482,0.94327,0.92758,0.93628,0,NaN,-5.695244575542496,8.218084831707497,1
1266530400,0.93628,0.943865,0.932265,0.94212,0,NaN,12.815120941499359,29.160467510937146,1
1267135200,0.94212,0.94768,0.925615,0.92868,0,NaN,-21.81625878237038,14.055306772180884,1
1267740000,0.92868,0.94202,0.92622,0.93729,0,NaN,-15.764707671975522,16.81285903432474,1
1268344800,0.93729,0.940395,0.92751,0.93366,0,NaN,-17.33937779286235,18.337896338836675,1
1268946000,0.93366,0.93812,0.92563,0.92921,0,NaN,-5.336041322146352,6.036143502907681,1
1269550800,0.92921,0.93883,0.92572,0.92899,0,NaN,-3.7578951334601847,4.770515071313184,1
1270155600,0.92899,0.93495,0.92081,0.93077,0,NaN,-24.521001220037736,7.6733896633251035,1
1270760400,0.93077,0.94164,0.92642,0.93637,0,NaN,-14.476640427544101,33.911429963684256,1
1271365200,0.93637,0.94465,0.92439,0.92776,0,NaN,-44.80967313894496,27.84921282096629,1
1271970000,0.92776,0.93611,0.91794,0.93249,0,NaN,-6.675774618062524,19.61268045898303,1
1272574800,0.93249,0.94623,0.92921,0.93171,0,NaN,-13.124545863136557,13.976316985374602,1
1273179600,0.93171,0.93711,0.90791,0.914,0,NaN,0.35675917706528537,6.217934657068255,1
1273784400,0.914,0.92063,0.86917,0.87448,0,NaN,-2.2704210975456904,-23.3104030146609,1
1274389200,0.87448,0.89423,0.86512,0.89241,0,NaN,39.54824534817301,-22.28764624477008,1
1274994000,0.89241,0.89696,0.867,0.87887,0,NaN,21.33363520286906,-19.98222964894437,1
1275598800,0.87887,0.88114,0.8581,0.87544,0,NaN,26.38369716856157,-18.314606808923173,1
1276203600,0.87544,0.8933,0.87128,0.8933,0,NaN,22.96161516215972,-11.269118310977596,1
1276808400,0.8933,0.91131,0.88817,0.90395,0,NaN,20.742232768807497,-8.14242960646365,1
1277413200,0.90395,0.90765,0.88776,0.89364,0,NaN,40.87990497259306,-3.8727146434810464,1
1278018000,0.89364,0.916535,0.88715,0.91427,0,NaN,22.014757967603533,15.291939314171056,1
1278622800,0.91427,0.91831,0.89876,0.91829,0,NaN,14.517776661202841,30.14412166941467,1
1279227600,0.91829,0.928775,0.911625,0.92653,0,NaN,17.622727341304802,53.090845975665474,1
1279832400,0.92653,0.935765,0.920895,0.93343,0,NaN,21.040789054772606,83.41483206816014,1
1280437200,0.93343,0.937885,0.924555,0.93104,0,NaN,-39.78102159876047,81.07590667142523,1
1281042000,0.93104,0.94635,0.92916,0.93426,0,NaN,2.5047909549031355,94.9453805896228,1
1281646800,0.93426,0.939995,0.92135,0.92876,0,NaN,-4.38828653562064,81.75824197511034,1
1282251600,0.92876,0.941415,0.92449,0.93764,0,NaN,15.455300493220468,76.6052619297565,1
1282856400,0.93764,0.961135,0.935935,0.95878,0,NaN,10.344467391120027,72.54254243067227,1
1283461200,0.95878,0.962125,0.94606,0.95435,0,NaN,-7.102526079821397,81.04709389572781,1
1284066000,0.95435,0.97017,0.95195,0.96183,0,NaN,2.2876689070836678,64.628407705424,1
1284670800,0.96183,0.98712,0.96026,0.98164,0,NaN,10.976095048287753,71.59462305851444,1
1285275600,0.98164,1.00241,0.97969,0.99545,0,NaN,7.920245354215826,77.90698439241044,1
1285880400,0.99545,1.001695,0.978985,0.99973,0,NaN,2.5500367390648147,80.72816484411996,1
1286485200,0.99973,1.00152,0.989195,0.99827,0,NaN,3.0262380707919903,82.34918861403338,1
1287090000,0.99827,1.01225,0.99493,1.00346,0,NaN,-12.802540304924179,76.11281198943152,1
1287694800,1.00346,1.015685,0.99524,0.99962,0,NaN,8.044835736783835,96.38724393464905,1
1288299600,0.99962,1.02021,0.99109,1.01722,0,NaN,9.338612402624415,100,1
1288904400,1.01722,1.02071,1.00003,1.00114,0,NaN,-13.571517274681653,73.39324646336522,1
1289512800,1.00114,1.01079,0.990505,1.00872,0,NaN,23.61701058365884,62.76418764725577,1
1290117600,1.00872,1.00974,0.9858,0.98982,0,NaN,5.128320265084881,41.54358664429236,1
1290722400,0.98982,0.99122,0.973805,0.97968,0,NaN,10.572158396089371,-5.39047218495256,1
1291327200,0.97968,0.999495,0.97825,0.99411,0,NaN,4.971420660221106,-10.582831881757542,1
1291932000,0.99411,1.008045,0.988,0.99632,0,NaN,20.047942120594335,-15.528582254485878,1
1292536800,0.99632,1.01979,0.99334,1.01364,0,NaN,51.322961366479916,-23.555066727731397,1
1293141600,1.01364,1.02036,1.00854,1.01732,0,NaN,38.241024408091995,-21.155810773060175,1
1293746400,1.01732,1.02163,1.01429,1.02114,0,NaN,25.950481419450785,-14.342106010876979,1
1294005600,1.015,1.01775,0.98342,0.98938,0,NaN,7.696125885490154,-39.15463195641198,1
1294610400,0.98613,0.99137,0.970555,0.97975,0,NaN,47.716509772673135,-55.06426348149094,1
1295215200,0.97922,0.999675,0.975045,0.98305,0,NaN,20.55511975879239,-28.155142421652908,1
1295820000,0.98169,0.99584,0.98051,0.99533,0,NaN,39.47688301781345,4.07317047700549,1
1296424800,0.99093,1.014855,0.98914,1.00095,0,NaN,39.08022282543738,38.672850890572136,1
1297029600,1.00124,1.012755,0.988315,0.9893,0,NaN,26.376027954931917,7.110822552226329,1
1297634400,0.98784,1.001745,0.971685,1.00116,0,NaN,40.41362386781845,4.582317296938864,1
1298239200,0.99917,1.00028,0.984745,0.99472,0,NaN,21.745707691313367,6.9942990376083465,1
1298844000,0.99351,0.99614,0.97948,0.9869,0,NaN,11.127079039189212,-2.117392534397561,1
1299448800,0.98769,0.988345,0.97226,0.98665,0,NaN,22.114847206219057,-2.6142023558444274,1
1300050000,0.98767,0.98827,0.96332,0.98027,0,NaN,47.37286682942924,11.820618145586426,1
1300654800,0.98092,1.00775,0.97931,1.00583,0,NaN,54.82198145102483,59.91900718067291,1
1301259600,1.00372,1.011995,0.997285,1.0005,0,NaN,30.753280032375603,32.00483266835043,1
1301864400,1.00238,1.012,0.994165,1.0093,0,NaN,31.18257825670501,23.31752269999437,1
1302469200,1.00935,1.01741,1.00043,1.01356,0,NaN,17.72960238938582,28.678852412364066,1
1303074000,1.01296,1.02586,1.00368,1.02467,0,NaN,46.337507615030844,45.408647110970755,1
1303678800,1.0233,1.044515,1.01916,1.03671,0,NaN,-31.30372773921608,63.2245172089297,1
1304283600,1.03674,1.044345,1.021255,1.03449,0,NaN,-20.894033163893006,63.615967576971784,1
1304888400,1.0363,1.04146,1.01943,1.02404,0,NaN,7.414271675422519,35.711041722967316,1
1305493200,1.02485,1.04018,1.022055,1.03822,0,NaN,31.097407919064857,42.19938481556069,1
1306098000,1.03667,1.04687,1.02484,1.04504,0,NaN,17.449391555227617,43.4046339333546,1
1306702800,1.0489,1.05093,1.03066,1.04845,0,NaN,-3.580182567325462,33.65527664048413,1
1307307600,1.04852,1.055685,1.029735,1.03247,0,NaN,9.293346269130573,34.994173750230054,1
1307912400,1.03149,1.04241,1.02902,1.04049,0,NaN,48.56527112750051,17.04442121931125,1
1308517200,1.04108,1.04121,1.023525,1.03708,0,NaN,55.516415700298964,5.212800944748185,1
1309122000,1.03459,1.04007,1.028555,1.03237,0,NaN,12.36871993304756,6.523166802457419,1
1309726800,1.03413,1.038575,1.02576,1.03476,0,NaN,38.73323733484098,-13.759417125170554,1
1310331600,1.03004,1.035355,1.014985,1.01565,0,NaN,20.48991981086079,-37.68673708736614,1
1310936400,1.01474,1.03354,1.012735,1.02862,0,NaN,13.211902724699536,-0.3319016017077532,1
1311541200,1.02789,1.05407,1.024955,1.05018,0,NaN,-3.4776472542569152,14.168496036742756,1
1312146000,1.05223,1.05354,1.02091,1.02558,0,NaN,-0.1336658098101342,0.37621544062947,1
1312750800,1.02373,1.02687,0.99173,1.0222,0,NaN,26.49602566822259,-24.711904282566714,1
1313355600,1.02369,1.038095,1.02277,1.03043,0,NaN,52.16088656615323,-10.365709196679513,1
1313960400,1.02874,1.04315,1.02703,1.03765,0,NaN,-9.43016554143869,8.630114329344451,1
1314565200,1.03755,1.05048,1.035605,1.04819,0,NaN,-2.025678648317207,16.867971217159344,1
1315170000,1.04624,1.05186,1.037835,1.04335,0,NaN,31.738978651738964,-2.106564528860164,1
1315774800,1.04052,1.04173,1.01027,1.01348,0,NaN,39.11905784594967,-49.29421249767694,1
1316379600,1.01089,1.02417,0.998695,1.00613,0,NaN,66.9640910965934,-29.44259298695668,1
1316984400,1.00868,1.018085,0.998255,1.01471,0,NaN,100,-43.816411413707364,1
1317589200,1.01321,1.019235,0.99395,1.01569,0,NaN,100,-75.68089093113272,1
1318194000,1.01346,1.046545,1.01181,1.04431,0,NaN,61.02731227128373,-25.947194892610465,1
1318798800,1.04422,1.04561,1.036935,1.04443,0,NaN,33.178362482180596,-13.66688381365756,1
1319403600,1.04352,1.0674,1.040375,1.0613,0,NaN,15.13020258063069,2.2403108363785167,1
1320008400,1.0613,1.06399,1.041695,1.05659,0,NaN,8.621225076080858,-12.632229096963389,1
1320616800,1.05842,1.0588,1.031155,1.03805,0,NaN,8.353719824357178,-40.89088678174574,1
1321221600,1.04312,1.045905,1.0259,1.02863,0,NaN,24.380833357971532,-40.492497527723,1
1321826400,1.02696,1.02912,1.01105,1.01675,0,NaN,41.60339117213881,-9.349944930987864,1
1322431200,1.02418,1.0527,1.021775,1.04147,0,NaN,35.192194935524824,2.301493135403745,1
1323036000,1.04251,1.04597,1.030825,1.03931,0,NaN,-52.66390854386919,10.149859826540363,1
1323640800,1.04044,1.04117,1.025645,1.03656,0,NaN,-51.80162581813959,1.848510109784275,1
1324245600,1.03561,1.04507,1.02627,1.0362,0,NaN,-24.491436834573015,-31.518652393484395,1
1324850400,1.03496,1.044835,1.02923,1.04329,0,NaN,-18.261957992350737,-35.57537028162962,1
1325455200,1.04382,1.05224,1.03924,1.05197,0,NaN,4.782684605921499,-48.43124044788677,1
1326060000,1.04879,1.05696,1.04451,1.05672,0,NaN,28.73630680519267,-48.86568926987757,1
1326664800,1.05445,1.06295,1.04881,1.06236,0,NaN,17.551094986224502,-26.62950875776167,1
1327269600,1.06311,1.068885,1.0555,1.0678,0,NaN,-1.3642080037358966,0.5553670287941941,1
1327874400,1.06553,1.073565,1.059175,1.06994,0,NaN,-40.004507449163526,21.873526610421287,1
1328479200,1.06974,1.07838,1.06592,1.06873,0,NaN,-65.30066142823763,16.371850374516487,1
1329084000,1.0701,1.075235,1.06472,1.06777,0,NaN,-19.207171410207202,4.082498202218085,1
1329688800,1.06977,1.07254,1.05988,1.06894,0,NaN,-43.159237158618424,24.868579815829694,1
1330293600,1.06919,1.07661,1.06055,1.06179,0,NaN,-71.07960997645205,21.419277068952184,1
1330898400,1.06284,1.06374,1.04659,1.04782,0,NaN,-49.59993292755464,4.410772003885437,1
1331499600,1.04673,1.050885,1.03378,1.05018,0,NaN,-49.55342661251768,-9.655574043158026,1
1332104400,1.0503,1.05221,1.03121,1.04449,0,NaN,-51.94537274022497,-1.365512531309701,1
1332709200,1.04465,1.04869,1.0313,1.03223,0,NaN,-48.55366847721936,-7.273183294761887,1
1333314000,1.04076,1.04098,1.018485,1.02751,0,NaN,-33.56004659020759,-30.170658428903938,1
1333918800,1.02714,1.040925,1.02316,1.03686,0,NaN,-15.156478876266757,-27.313545825957622,1
1334523600,1.03676,1.037875,1.024735,1.02984,0,NaN,-10.311263185476388,-42.387875489988325,1
1335128400,1.02886,1.031405,1.01567,1.02681,0,NaN,-28.552797140997342,-30.968384884445662,1
1335733200,1.02611,1.03026,1.010425,1.01399,0,NaN,-40.15252041813862,-55.414005728516344,1
1336338000,1.01127,1.016055,1.00028,1.00257,0,NaN,-3.7691540093201272,-76.63521440282386,1
1336942800,1.00157,1.011235,0.99837,1.00631,0,NaN,11.415254015185504,-66.80577800035911,1
1337547600,1.00571,1.0093,0.995665,1.00447,0,NaN,14.003595487915252,-70.73968936519776,1
1338152400,1.00793,1.01165,0.99739,1.0099,0,NaN,13.716077806852088,-71.70394356832333,1
1338757200,1.00812,1.02517,1.0054,1.01849,0,NaN,7.084797270858164,-67.04039153883633,1
1339362000,1.02105,1.03222,1.01659,1.03006,0,NaN,9.553949124272481,-44.440026884357096,1
1339966800,1.0329,1.04029,1.02989,1.03114,0,NaN,5.582107456578267,-46.99665473786214,1
1340571600,1.03199,1.04557,1.0279,1.04079,0,NaN,33.89095948105851,-37.81233045867826,1
1341176400,1.0432,1.04481,1.03825,1.04112,0,NaN,16.49885004009316,-35.58888472110858,1
1341781200,1.0409,1.04696,1.032175,1.03668,0,NaN,20.14878521399813,-41.00899651794218,1
1342386000,1.03887,1.05186,1.03615,1.05105,0,NaN,1.959675109403225,-11.159549519983043,1
1342990800,1.05054,1.05311,1.04105,1.05179,0,NaN,-31.569976451600265,-6.836013914554467,1
1343595600,1.05214,1.05867,1.04969,1.0585,0,NaN,-55.88781234202586,17.787707155935955,1
1344200400,1.05897,1.05989,1.043755,1.04822,0,NaN,-74.59634940709248,10.462589553575292,1
1344805200,1.04667,1.047515,1.029405,1.03092,0,NaN,-61.00959499772375,-6.026288126932716,1
1345410000,1.03189,1.04343,1.030075,1.03221,0,NaN,-68.20709592024009,-17.62720327386638,1
1346014800,1.03455,1.03463,1.01723,1.01811,0,NaN,-77.41935127595292,-29.863421243567704,1
1346619600,1.01609,1.01829,1.005495,1.01649,0,NaN,-94.015831640374,-28.98383312350819,1
1347224400,1.01398,1.02731,1.00794,1.02529,0,NaN,-63.75821524247523,-14.734382485578639,1
1347829200,1.02408,1.02505,1.01575,1.02112,0,NaN,-63.7831666742216,5.107610751176427,1
1348434000,1.02007,1.026905,1.015295,1.02089,0,NaN,-59.2105400054648,7.345461172263194,1
1349038800,1.02001,1.02056,0.99468,0.99684,0,NaN,-75.49337742852568,-3.6190064445123786,1
1349643600,0.99289,1.00914,0.99282,1.00305,0,NaN,-47.22765890892731,-16.482900590049358,1
1350248400,1.00406,1.02701,1.00022,1.02653,0,NaN,-9.578705090509464,14.985652002016707,1
1350853200,1.02611,1.035435,1.016235,1.03419,0,NaN,-3.5231815781945137,33.51111212722009,1
1351458000,1.0344,1.039015,1.02855,1.02946,0,NaN,-16.54236042158848,28.572027682708903,1
1352066400,1.0297,1.0429,1.02909,1.04021,0,NaN,1.2169516699726515,34.982744062384036,1
1352671200,1.04001,1.04705,1.032735,1.03526,0,NaN,-12.006449456365425,22.02153086503493,1
1353276000,1.03606,1.03901,1.031345,1.03841,0,NaN,-14.706113762060088,0.23341858185577613,1
1353880800,1.03836,1.041125,1.03381,1.03688,0,NaN,-11.753379490948083,2.8737321556720574,1
1354485600,1.03688,1.042885,1.032315,1.03662,0,NaN,-17.93593676404704,13.548264105347464,1
1355090400,1.03662,1.0429,1.032695,1.0416,0,NaN,6.914163431397952,44.293693737705325,1
1355695200,1.04076,1.042215,1.03244,1.0333,0,NaN,-23.357337859931572,39.080377317368956,1
1356300000,1.033255,1.034875,1.02699,1.033915,0,NaN,-29.236108382475955,5.585258618232681,1
1356904800,1.033255,1.03611,1.03027,1.03306,0,NaN,-34.00635007842719,4.480751056289975,1
1356991200,1.03306,1.03738,1.02866,1.03572,0,NaN,-20.071874040335207,9.131549614496311,1
1357596000,1.03572,1.04423,1.033705,1.039465,0,NaN,-39.15176314160224,3.7458854287902192,1
1358200800,1.039465,1.04556,1.03616,1.0442,0,NaN,-26.19775231353876,25.410451657982946,1
1358805600,1.0442,1.05475,1.04321,1.04834,0,NaN,-26.619226982236363,23.10120174096197,1
1359410400,1.04834,1.051995,1.034515,1.04262,0,NaN,-10.432880216695997,19.473940006071594,1
1360015200,1.04262,1.04367,1.024075,1.03054,0,NaN,-10.249312827305785,-3.9019371179965745,1
1360620000,1.03054,1.042025,1.029875,1.041645,0,NaN,-0.38707149961980747,-2.152792496874379,1
1361224800,1.041645,1.05796,1.040895,1.05267,0,NaN,28.16955882000137,-7.5314394934837505,1
1361829600,1.05267,1.054905,1.04256,1.047425,0,NaN,3.9916165366921312,-14.658775007520921,1
1362434400,1.047425,1.061085,1.046865,1.054735,0,NaN,8.64238195653342,-8.531396678459569,1
1363035600,1.054735,1.066825,1.05388,1.063285,0,NaN,2.265502999557661,-7.574479744626174,1
1363640400,1.063285,1.07179,1.05996,1.06891,0,NaN,18.317884976209427,-0.25981035038028066,1
1364245200,1.06891,1.0699,1.056685,1.059875,0,NaN,12.9461870453718,-10.659667165449694,1
1364850000,1.059875,1.06489,1.05251,1.05856,0,NaN,4.255544943936997,-7.390272187370137,1
1365454800,1.05856,1.07154,1.055555,1.05778,0,NaN,-20.91389372006568,-8.758876520462412,1
1366059600,1.05778,1.06259,1.05202,1.05388,0,NaN,9.897263811567903,9.000847930843893,1
1366664400,1.05388,1.056565,1.044305,1.04671,0,NaN,-11.07455225197091,-3.751271433758106,1
1367269200,1.04671,1.04893,1.030625,1.03233,0,NaN,-48.82594225318192,0.011888432916194347,1
1367874000,1.03233,1.03277,1.004585,1.005835,0,NaN,-51.64447009771154,-35.32852992123706,1
1368478800,1.005835,1.01106,0.99532,1.00468,0,NaN,-27.82625350009059,-61.21063614066976,1
1369083600,1.00468,1.008895,0.993225,0.99629,0,NaN,-23.428897470619603,-64.30153655366047,1
1369688400,0.99629,1.00652,0.988635,1.00418,0,NaN,-1.1795695621112472,-58.90685484382168,1
1370293200,1.00418,1.00467,0.959745,0.96485,0,NaN,-32.470078442206656,-76.54389020920037,1
1370898000,0.96485,0.981955,0.95473,0.97215,0,NaN,-25.761545667423313,-57.80802316381747,1
1371502800,0.97215,0.975895,0.948295,0.97113,0,NaN,29.14441712992015,-47.35953001783284,1
1372107600,0.97113,0.97846,0.95911,0.969755,0,NaN,13.94012668642197,-64.40563904926304,1
1372712400,0.969755,0.971125,0.951005,0.964305,0,NaN,18.911897600802895,-76.38851982572807,1
1373317200,0.964305,0.96958,0.935255,0.94868,0,NaN,16.675519736964354,-100,1
1373922000,0.94868,0.96439,0.94831,0.95578,0,NaN,15.866931725977963,-13.467286891265097,1
1374526800,0.95578,0.959505,0.941885,0.945015,0,NaN,-16.61764155855649,-0.9087007768999698,1
1375131600,0.945015,0.945625,0.91723,0.925115,0,NaN,-6.253831609878613,-22.356374041115124,1
1375736400,0.925115,0.948795,0.922415,0.942985,0,NaN,-44.43060419840953,-5.782449846306285,1
1376341200,0.942985,0.9536,0.937785,0.94244,0,NaN,-2.550636035555179,23.603130994735334,1
1376946000,0.94244,0.952735,0.93544,0.948245,0,NaN,13.030475576568435,19.78202929102829,1
1377550800,0.948245,0.94956,0.93306,0.94666,0,NaN,-13.459946643135533,1.7483343585400704,1
1378155600,0.94666,0.964175,0.946525,0.95686,0,NaN,0.1664324932903103,26.480698260817828,1
1378760400,0.95686,0.96827,0.95276,0.96208,0,NaN,-34.92285247629664,59.6011304849325,1
1379365200,0.96208,0.97406,0.95958,0.969965,0,NaN,4.445273197131582,100,1
1379970000,0.969965,0.97,0.957285,0.960515,0,NaN,-5.772310367433779,53.873939563927586,1
1380574800,0.960515,0.976345,0.959475,0.972375,0,NaN,31.563190243026533,78.47782685535273,1
1381179600,0.972375,0.985835,0.9716,0.982425,0,NaN,23.4612029660953,100,1
1381784400,0.982425,0.996405,0.981235,0.99468,0,NaN,49.578718475729005,88.45853824294377,1
1382389200,0.99468,1.004815,0.9917,0.99991,0,NaN,13.713938692236546,100,1
1382994000,0.99991,1.00012,0.98298,0.99149,0,NaN,10.305241327476535,68.35634675929984,1
1383602400,0.99149,0.996705,0.979205,0.980445,0,NaN,-11.582058131820649,53.09291583899497,1
1384207200,0.980445,0.982155,0.972805,0.97793,0,NaN,8.63251944552573,46.223524541326846,1
1384812000,0.97793,0.987805,0.96367,0.965845,0,NaN,3.7845957292016603,18.322641062191092,1
1385416800,0.965845,0.97359,0.958585,0.96923,0,NaN,49.61004395666569,2.822243897110237,1
1386021600,0.96923,0.97474,0.95831,0.96829,0,NaN,95.71216479629972,18.750317160179364,1
1386626400,0.96829,0.972695,0.94468,0.94816,0,NaN,24.656910508438422,-18.834503924883215,1
1387231200,0.94816,0.954495,0.9423,0.94755,0,NaN,58.95385802440143,-28.636960077802748,1
1387836000,0.94755,0.95214,0.943115,0.94815,0,NaN,51.00924231466979,-35.69825907654147,1
1388440800,0.94815,0.95254,0.94754,0.948775,0,NaN,72.61250847222766,-55.01516062731771,1
1388527200,0.948775,0.961855,0.9412,0.961035,0,NaN,70.99418419824985,-23.987081864429115,1
1389132000,0.961035,0.99005,0.959465,0.98143,0,NaN,100,3.918326574564314,1
1389736800,0.98143,0.982395,0.9593,0.96571,0,NaN,46.86718583833047,-4.032628898011037,1
1390341600,0.96571,0.98389,0.959135,0.979055,0,NaN,100,31.252029128835023,1
1390946400,0.979055,0.990165,0.96961,0.98911,0,NaN,66.46200974091116,25.354119935458364,1
1391551200,0.98911,1.0009,0.98295,0.995055,0,NaN,33.509516996012124,28.577756010935698,1
1392156000,0.995055,0.997345,0.983125,0.988555,0,NaN,55.65550497622276,50.171171970143156,1
1392760800,0.988555,1.005945,0.984815,0.999845,0,NaN,39.71998084890655,68.85410560405285,1
1393365600,0.999845,1.000315,0.98269,0.99285,0,NaN,36.77485221564189,64.70690134989928,1
1393970400,0.99285,1.010595,0.989875,0.996965,0,NaN,25.448287276117675,67.96481585507422,1
1394571600,0.996965,1.01733,0.99216,1.01638,0,NaN,49.45598299062064,73.67757925778682,1
1395176400,1.01638,1.025645,1.01303,1.02363,0,NaN,16.878191886801567,63.17839704044195,1
1395781200,1.02363,1.03166,1.016285,1.01975,0,NaN,9.15563056640886,75.17196411840513,1
1396386000,1.01975,1.02327,1.015165,1.02254,0,NaN,-35.65660518701319,53.58497067565569,1
1396990800,1.02254,1.034105,1.01774,1.027795,0,NaN,-56.46862677087332,68.05071807346673,1
1397595600,1.027795,1.035025,1.02562,1.032895,0,NaN,-17.980057018901388,58.82306140652562,1
1398200400,1.032895,1.034405,1.014295,1.01436,0,NaN,-21.467863230498057,43.186188707484625,1
1398805200,1.01436,1.02194,1.011655,1.018485,0,NaN,-33.90668826392577,37.19298620934288,1
1399410000,1.018485,1.022565,1.012325,1.020705,0,NaN,-41.33221537145257,34.64296333812885,1
1400014800,1.020705,1.026425,1.007605,1.008165,0,NaN,-44.19120808196382,17.23945865459132,1
1400619600,1.008165,1.011715,1.00287,1.005435,0,NaN,-70.56002907944004,-7.893797732497529,1
1401224400,1.005435,1.01229,1.00097,1.01064,0,NaN,-64.54658932023075,-6.037052646508473,1
1401829200,1.01064,1.023495,1.010505,1.022,0,NaN,-34.443010607219314,7.112079967870727,1
1402434000,1.022,1.024285,1.01307,1.01417,0,NaN,-42.08629991845143,-3.418450943636163,1
1403038800,1.01417,1.02008,1.00627,1.0065,0,NaN,-45.321826704660644,-25.56244022752606,1
1403643600,1.0065,1.011845,1.002855,1.00972,0,NaN,-59.795186280540875,-17.37298683211734,1
1404248400,1.00972,1.01,0.993775,1.003625,0,NaN,-48.05553032355733,-2.5471539125769915,1
1404853200,1.003625,1.01019,0.99814,1.008155,0,NaN,-44.17959067391138,-6.77513918981354,1
1405458000,1.008155,1.011725,1.004155,1.008905,0,NaN,-35.989165379287996,-10.00910899047199,1
1406062800,1.008905,1.01928,1.00747,1.018335,0,NaN,-19.967223371164827,9.25504480887132,1
1406667600,1.018335,1.021355,1.011705,1.019935,0,NaN,-20.16134506280106,6.016777903789539,1
1407272400,1.019935,1.023505,1.010505,1.01259,0,NaN,-34.47248467019557,-1.9755173036486404,1
1407877200,1.01259,1.01923,1.01161,1.01789,0,NaN,-31.996038480846828,-7.255324322042046,1
1408482000,1.01789,1.022595,1.01458,1.019265,0,NaN,-20.87811705535767,-2.678770504902623,1
1409086800,1.019265,1.02054,1.010695,1.01376,0,NaN,-13.590093237929356,-5.358320749366202,1
1409691600,1.01376,1.02338,1.010075,1.010785,0,NaN,-28.326169328662154,-32.322392897373504,1
1410296400,1.010785,1.011275,0.99442,0.997755,0,NaN,-11.889880682925057,-51.702671743208825,1
1410901200,0.997755,0.99784,0.974155,0.97952,0,NaN,-15.869354070970992,-71.96359845104867,1
1411506000,0.97952,0.98595,0.970635,0.97942,0,NaN,8.093071936955951,-76.15023158529785,1
1412110800,0.97942,0.98625,0.971605,0.985275,0,NaN,27.32633159457845,-80.89918546006184,1
1412715600,0.985275,0.986815,0.96858,0.984385,0,NaN,-8.815028677959596,-74.47981712843384,1
1413320400,0.984385,0.99608,0.982915,0.985275,0,NaN,10.646489295401388,-59.67056863408166,1
1413925200,0.985275,0.995525,0.97908,0.98901,0,NaN,12.184330591604343,-69.87837569244078,1
1414530000,0.98901,0.99716,0.9809,0.996925,0,NaN,18.049533399499133,-59.19522022048024,1
1415138400,0.996925,0.998775,0.97537,0.984645,0,NaN,45.02408394032872,-85.7204607172311,1
1415743200,0.984645,0.99292,0.98029,0.98515,0,NaN,33.45424530607109,-60.91109527303988,1
1416348000,0.98515,0.98665,0.958105,0.96021,0,NaN,0.28139176561068524,-66.19663233739725,1
1416952800,0.96021,0.974285,0.95676,0.96335,0,NaN,9.9071446288729,-53.993620946168015,1
1417557600,0.96335,0.96501,0.945595,0.94927,0,NaN,-4.380469958488646,-68.83619429814468,1
1418162400,0.94927,0.964275,0.944155,0.955515,0,NaN,-5.987075418101572,-52.15155828136793,1
1418767200,0.955515,0.957275,0.93975,0.94156,0,NaN,18.854867219975823,-80.48736568072871,1
1419372000,0.94156,0.952725,0.94053,0.95027,0,NaN,28.45543614987207,-86.39713529911796,1
1419976800,0.95027,0.952565,0.945875,0.948025,0,NaN,11.753762612924874,-81.39076765462116,1
1420063200,0.948025,0.9597,0.94577,0.954535,0,NaN,14.783397563742618,-79.70191506822856,1
1420668000,0.954535,0.97958,0.95393,0.973845,0,NaN,37.21500525903251,-50.1675536422619,1
1421272800,0.973845,1.00865,0.971715,0.997835,0,NaN,77.64376121017813,-30.435734062087356,1
1421877600,0.997835,1.00467,0.978745,0.98902,0,NaN,100,-41.678430415157685,1
1422482400,0.98902,0.996605,0.95897,0.97515,0,NaN,89.62026497879279,-50.43112945911115,1
1423087200,0.97515,0.980475,0.9662,0.97497,0,NaN,83.18107660332547,-23.01978487395167,1
1423692000,0.97497,0.97571,0.959355,0.972845,0,NaN,57.3207334294938,-37.79378483977597,1
1424296800,0.972845,0.985855,0.96869,0.980685,0,NaN,59.41980729088996,-4.214267857000667,1
1424901600,0.980685,0.9841,0.970005,0.97122,0,NaN,31.476815220953654,-26.414014766309435,1
1425506400,0.97122,0.978915,0.962765,0.96854,0,NaN,48.251090870917935,-50.093920531347486,1
1426107600,0.96854,0.98086,0.966625,0.97727,0,NaN,68.93614476446731,-69.06239991685725,1
1426712400,0.97727,0.988295,0.969925,0.98192,0,NaN,0.7484735010872186,-32.14621042629045,1
1427317200,0.98192,0.982925,0.95817,0.9593,0,NaN,-6.308995050001357,-88.72394320326082,1
1427922000,0.9593,0.966295,0.94552,0.96416,0,NaN,-29.687189772617874,-47.25452850324045,1
1428526800,0.96416,0.97153,0.94175,0.944195,0,NaN,-55.127039327223955,-62.73433577560144,1
1429131600,0.944195,0.956915,0.94105,0.949125,0,NaN,-68.71134785858777,-51.11341982084445,1
1429736400,0.949125,0.96761,0.94304,0.962465,0,NaN,-75.7238051237081,-20.820513396543404,1
1430341200,0.962465,0.96364,0.94408,0.9598,0,NaN,-82.93619376625003,-16.785169667227404,1
1430946000,0.9598,0.970745,0.95228,0.97017,0,NaN,-70.14981948324149,18.071948570431836,1
1431550800,0.97017,0.974845,0.960265,0.961455,0,NaN,-100.00000000000003,25.8027670751438,1
1432155600,0.961455,0.966065,0.958875,0.962465,0,NaN,-87.23795753915107,37.57853689922015,1
1432760400,0.962465,0.971755,0.94962,0.969605,0,NaN,-51.82606492310917,-12.635877950961486,1
1433365200,0.969605,0.96972,0.943235,0.950745,0,NaN,-68.64929346033159,21.6126596880011,1
1433970000,0.950745,0.95942,0.94314,0.947605,0,NaN,-88.3533409522362,20.226062476914944,1
1434574800,0.947605,0.95628,0.94325,0.953995,0,NaN,-56.4092275732012,62.02717195149979,1
1435179600,0.953995,0.96648,0.936925,0.96246,0,NaN,-26.57077429730251,48.09710402101302,1
1435784400,0.96246,0.963945,0.940515,0.94693,0,NaN,5.736231779624973,-15.131214906813213,1
1436389200,0.94693,0.95769,0.941665,0.95298,0,NaN,25.185869999771953,-20.14253732340041,1
1436994000,0.95298,0.9637,0.9509,0.96122,0,NaN,31.27073191020274,-40.214118878040345,1
1437598800,0.96122,0.96351,0.941125,0.944465,0,NaN,42.537808788386926,-34.65912206624864,1
1438203600,0.944465,0.97489,0.94238,0.969365,0,NaN,29.569779917070235,-13.551585412473894,1
1438808400,0.969365,0.9746,0.949235,0.95782,0,NaN,7.428532340167557,-13.550612226070214,1
1439413200,0.95782,0.967895,0.953455,0.964755,0,NaN,28.59110984492304,8.813069722835873,1
1440018000,0.964755,0.96701,0.93581,0.946905,0,NaN,57.84741657280645,-11.388653953074192,1
1440622800,0.946905,0.950065,0.924675,0.93388,0,NaN,40.32220086637878,-32.514385029511416,1
1441227600,0.93388,0.936675,0.915085,0.93059,0,NaN,22.951933223221303,-43.05337148090532,1
1441832400,0.93059,0.950275,0.9223,0.94786,0,NaN,10.17712140819291,35.057102853227235,1
1442437200,0.94786,0.952035,0.93186,0.932885,0,NaN,-53.54281838433057,16.24148465973782,1
1443042000,0.932885,0.943615,0.92609,0.93398,0,NaN,-21.957317248113185,3.0209781128554916,1
1443646800,0.93398,0.942555,0.924955,0.941075,0,NaN,0.09601029968966657,31.529526891659394,1
1444251600,0.941075,0.958335,0.936155,0.94439,0,NaN,-62.87605804165123,22.79324594114396,1
1444856400,0.94439,0.949115,0.935965,0.94725,0,NaN,-52.69679823735479,47.17304997401455,1
1445461200,0.94725,0.957845,0.93379,0.938135,0,NaN,-53.53753582514408,-21.862247175334147,1
1446066000,0.938135,0.94442,0.930095,0.94005,0,NaN,-51.09884615087761,-0.942493720511532,1
1446674400,0.94005,0.944455,0.93132,0.93669,0,NaN,-61.9067502601207,-21.308935349105376,1
1447279200,0.93669,0.95072,0.936275,0.94589,0,NaN,-40.51037845254296,7.310014729681088,1
1447884000,0.94589,0.968005,0.945235,0.963655,0,NaN,-43.617404070014906,-15.341687683124569,1
1448488800,0.963655,0.98126,0.95849,0.975285,0,NaN,20.96755429635057,7.2646222127985975,1
1449093600,0.975285,0.98456,0.972365,0.981835,0,NaN,-41.54035445326371,51.787316407637086,1
1449698400,0.981835,1.00111,0.97998,0.996735,0,NaN,2.9969955721890287,68.87529950705766,1
1450303200,0.996735,1.01094,0.98897,1.001985,0,NaN,47.56142969000608,48.28220147161718,1
1450908000,1.001985,1.0151,1.00135,1.011515,0,NaN,55.339836645188726,56.27516326324724,1
1451512800,1.011515,1.017,1.006525,1.008875,0,NaN,38.99565629110833,98.69289218260828,1
1451599200,1.008875,1.01203,0.98492,0.989845,0,NaN,40.14909850520323,62.7976934770169,1
1452204000,0.989845,1.0043,0.98252,1.003435,0,NaN,75.27449321135435,100,1
1452808800,1.003435,1.00877,0.99211,0.998485,0,NaN,51.082971823500074,75.65029284067415,1
1453413600,0.998485,1.00211,0.98476,0.993785,0,NaN,30.361811170145998,50.01123375887864,1
1454018400,0.993785,0.9987,0.98128,0.990495,0,NaN,-1.0416813671687493,43.077525860928745,1
1454623200,0.990495,0.99312,0.97122,0.990715,0,NaN,16.35186905776795,46.45743157651131,1
1455228000,0.990715,0.99274,0.9764,0.982475,0,NaN,-53.63478452598267,4.73433139805111,1
1455832800,0.982475,0.99656,0.9768,0.97917,0,NaN,-88.4497136341969,-3.212830397251574,1
1456437600,0.97917,0.98856,0.95986,0.98551,0,NaN,-59.337230079639376,-19.548247793592836,1
1457042400,0.98551,1.0054,0.98476,0.994705,0,NaN,-100,6.78223556834734,1
1457647200,0.994705,1.00333,0.9889,0.9925,0,NaN,-100.00000000000001,38.28213621988547,1
1458248400,0.9925,0.99924,0.98655,0.9972,0,NaN,-100,38.50266408035234,1
1458853200,0.9972,1.0013,0.98913,0.99574,0,NaN,-89.3412622504601,56.23350695044485,1
1459458000,0.99574,1.00262,0.98558,0.986685,0,NaN,-100.00000000000003,60.342255567346356,1
1460062800,0.986685,0.99085,0.97533,0.98863,0,NaN,-85.87117896698426,58.897651211161154,1
1460667600,0.98863,0.99628,0.98431,0.98545,0,NaN,-100.00000000000001,30.67506929449701,1
1461272400,0.98545,0.98804,0.95414,0.957295,0,NaN,-100,12.356333300320857,1
1461877200,0.957295,0.96562,0.94546,0.959485,0,NaN,-70.9914777197484,39.511261852942354,1
1462482000,0.959485,0.96178,0.9377,0.940925,0,NaN,-63.976884113707264,13.288411452519354,1
1463086800,0.940925,0.9489,0.93616,0.946375,0,NaN,-21.72907471255195,-17.762142834322333,1
1463691600,0.946375,0.95122,0.93266,0.93781,0,NaN,-19.17391496233656,-34.90740282580836,1
1464296400,0.93781,0.95279,0.93497,0.94675,0,NaN,-4.026713816073335,-41.288478810976976,1
1464901200,0.94675,0.95483,0.94378,0.945285,0,NaN,-38.894122415332745,-53.458567752637805,1
1465506000,0.945285,0.95929,0.93904,0.95489,0,NaN,0.5539733825377129,-18.311790958953328,1
1466110800,0.95489,0.9729,0.94987,0.97145,0,NaN,0.7367408526385948,-5.1637530334079,1
1466715600,0.97145,0.97656,0.95036,0.96304,0,NaN,23.29244237811579,-1.7972275765810508,1
1467320400,0.96304,0.9784,0.96198,0.972335,0,NaN,36.14368970983346,9.107954910154767,1
1467925200,0.972335,0.99707,0.97197,0.98369,0,NaN,27.983891940419532,3.014315316546897,1
1468530000,0.98369,0.9887,0.97364,0.980775,0,NaN,19.251641709427,27.01949486975588,1
1469134800,0.980775,0.99718,0.97668,0.987225,0,NaN,14.948111347216738,32.77091138655801,1
1469739600,0.987225,0.99798,0.98385,0.992985,0,NaN,8.366613779849704,76.73463939193357,1
1470344400,0.992985,1.0118,0.99286,1.000245,0,NaN,-10.656845580313112,66.23900629421087,1
1470949200,1.000245,1.00039,0.98041,0.982445,0,NaN,11.89416570062052,54.90379604473846,1
1471554000,0.982445,0.98923,0.9762,0.984315,0,NaN,-6.510803718963247,40.468958524612205,1
1472158800,0.984315,0.9907,0.97992,0.98945,0,NaN,8.383747526334696,21.394931605715136,1
1472763600,0.98945,0.99496,0.97922,0.98903,0,NaN,-12.479725707641391,14.900463479880006,1
1473368400,0.98903,0.98946,0.98104,0.988555,0,NaN,12.550341596972894,43.52495485514581,1
1473973200,0.988555,1.00228,0.98696,0.99689,0,NaN,8.43871495462704,32.93619403498117,1
1474578000,0.99689,1.01578,0.99499,1.003935,0,NaN,0.03525567679020136,54.046341599628015,1
1475182800,1.003935,1.01042,0.99816,1.00273,0,NaN,1.989253485265134,50.64459070707968,1
1475787600,1.00273,1.00918,0.9958,0.998475,0,NaN,4.883184176137198,2.080609458674898,1
1476392400,0.998475,1.0158,0.99778,1.009025,0,NaN,17.42423394181166,2.4007028337306586,1
1476997200,1.009025,1.02858,1.00814,1.015995,0,NaN,38.1658649474144,15.14639643107099,1
1477602000,1.015995,1.0294,1.01289,1.02925,0,NaN,31.96896904601607,16.922525903024418,1
1478206800,1.02925,1.0398,1.02145,1.02558,0,NaN,21.204721533094386,27.438158570026296,1
1478815200,1.02558,1.02706,0.99844,1.001755,0,NaN,38.92224154322816,-23.361065163530363,1
1479420000,1.001755,1.003125,0.98614,0.999415,0,NaN,22.55145696147764,-45.939080078218744,1
1480024800,0.999415,1.00948,0.9852,0.98762,0,NaN,14.365055296666664,-58.09241661108476,1
1480629600,0.98762,0.99396,0.98214,0.98442,0,NaN,4.110036534945578,-71.11828567150758,1
1481234400,0.98442,0.98862,0.9761,0.981215,0,NaN,-6.473556380550173,-75.28912069805442,1
1481839200,0.981215,0.98272,0.96831,0.972985,0,NaN,14.671439627273744,-90.56893590342725,1
1482444000,0.972985,0.97951,0.96813,0.97464,0,NaN,30.54661985428353,-88.54836133704961,1
1483048800,0.97464,0.97674,0.96712,0.96791,0,NaN,10.776588964699812,-93.03778865819463,1
1483308000,0.96791,0.97573,0.96453,0.96593,0,NaN,9.109718062820038,-100.00000000000001,1
1483912800,0.96593,0.98654,0.96576,0.9838,0,NaN,1.5374185650279557,-81.28518594526264,1
1484517600,0.9838,1.00916,0.98037,1.00656,0,NaN,-6.482023555330567,15.434828284988239,1
1485122400,1.00656,1.0102,0.98522,0.9928,0,NaN,-20.012716735816717,12.851739419037493,1
1485727200,0.9928,1.00162,0.98591,1.00086,0,NaN,1.1287741564155844,43.464967606278975,1
1486332000,1.00086,1.00826,0.99656,1.00438,0,NaN,3.190282244742547,37.94987417647836,1
1486936800,1.00438,1.01014,0.99823,1.00358,0,NaN,5.178876757765785,36.1991875854101,1
1487541600,1.00358,1.01586,1.00278,1.00436,0,NaN,-17.434785214850496,71.46711408141073,1
1488146400,1.00436,1.02541,1.00436,1.016125,0,NaN,-20.512776481703472,77.09660362746956,1
1488751200,1.016125,1.0217,1.01276,1.015965,0,NaN,12.007330425068556,81.91906742496987,1
1489352400,1.015965,1.02945,1.01458,1.02859,0,NaN,7.708695646039224,100,1
1489957200,1.02859,1.03339,1.01649,1.019855,0,NaN,2.234370738021238,77.0970267209512,1
1490562000,1.019855,1.02549,1.01512,1.01595,0,NaN,4.130242887318544,25.57778655466769,1
1491166800,1.01595,1.02054,1.00286,1.00549,0,NaN,21.12459398007153,23.400873123674238,1
1491771600,1.00549,1.01031,0.9926,1.00981,0,NaN,31.920595544842588,7.213375856242068,1
1492376400,1.00981,1.0195,1.00574,1.01807,0,NaN,40.83595934054429,32.05750657794,1
1492981200,1.01807,1.02676,1.01192,1.02245,0,NaN,51.45430739566646,56.453434786147525,1
1493586000,1.02245,1.03462,1.01196,1.01267,0,NaN,53.05203861113767,47.44603797921205,1
1494190800,1.01267,1.01562,1.00181,1.01287,0,NaN,45.869242929476,31.556575559991177,1
1494795600,1.01287,1.01646,1.0067,1.007425,0,NaN,15.407227923795046,47.940260957535905,1
1495400400,1.007425,1.01228,1.0003,1.00145,0,NaN,7.6723284857351945,20.70672379185502,1
1496005200,1.00145,1.00655,0.99482,1.00349,0,NaN,30.39974990921878,20.756391240377347,1
1496610000,1.00349,1.02114,1.0019,1.01406,0,NaN,21.364995761236848,46.0589627452993,1
1497214800,1.01406,1.0147,0.99604,1.00666,0,NaN,8.486206159905866,49.26567888312225,1
1497819600,1.00666,1.01004,0.99644,1.00402,0,NaN,-6.003932257847735,45.138442969888125,1
1498424400,1.00402,1.00857,0.99209,0.9967,0,NaN,-35.9237756627902,16.156757039275377,1
1499029200,0.9967,0.99842,0.97714,0.97923,0,NaN,-51.063897746030406,3.113690856080833,1
1499634000,0.97923,0.99566,0.9736,0.99003,0,NaN,-65.94074995456286,17.861529291106212,1
1500238800,0.99003,1.00594,0.98734,0.99247,0,NaN,-85.66955385916744,39.36574694499476,1
1500843600,0.99247,1.00242,0.98614,0.992935,0,NaN,-81.22775720060946,39.92773537382159,1
1501448400,0.992935,1.00494,0.99262,1.00336,0,NaN,-47.51805441358801,63.96537574087902,1
1502053200,1.00336,1.0074,0.9973,1.00084,0,NaN,-63.56394581950363,52.34747502952703,1
1502658000,1.00084,1.00377,0.99489,0.99765,0,NaN,-57.54620351235076,31.54577454791609,1
1503262800,0.99765,1.0001,0.98706,0.990165,0,NaN,-53.47367785093568,41.148740469558334,1
1503867600,0.990165,1.00034,0.98578,0.98781,0,NaN,-64.00000348322682,50.417655895722724,1
1504472400,0.98781,0.99276,0.96829,0.97918,0,NaN,-47.0465923110394,49.38994487014878,1
1505077200,0.97918,0.97986,0.9694,0.97639,0,NaN,-50.60402631510493,51.982473243731455,1
1505682000,0.97639,0.9909,0.97265,0.98236,0,NaN,-15.163064370150959,52.007455238769076,1
1506286800,0.98236,0.98404,0.96994,0.97692,0,NaN,-9.439452924298266,19.345334468017715,1
1506891600,0.97692,0.9815,0.9718,0.97426,0,NaN,10.215358127936842,-4.703355248498191,1
1507496400,0.97426,0.98712,0.96998,0.98363,0,NaN,10.415518756164616,-15.647213072734814,1
1508101200,0.98363,0.98736,0.97702,0.9869,0,NaN,1.2726041825077345,-4.747899298940524,1
1508706000,0.9869,0.98834,0.97553,0.98342,0,NaN,10.61862177054787,-8.794318917504015,1
1509310800,0.98342,0.9917,0.97552,0.976435,0,NaN,26.79475717431842,-21.51809636248158,1
1509919200,0.976435,0.97908,0.9708,0.971785,0,NaN,27.681486596731997,-39.45233410790191,1
1510524000,0.971785,0.97328,0.96123,0.96573,0,NaN,37.8142071826784,-22.961227310129978,1
1511128800,0.96573,0.97128,0.96366,0.96812,0,NaN,60.008969570036,-23.173595514306236,1
1511733600,0.96812,0.97848,0.96529,0.96574,0,NaN,35.4183813622187,-24.129199052932414,1
1512338400,0.96574,0.96926,0.95792,0.96513,0,NaN,51.40277620808175,-9.76366007577515,1
1512943200,0.96513,0.985845,0.964615,0.98371,0,NaN,82.83438072398671,23.96678039015476,1
1513548000,0.98371,0.9882,0.97754,0.98165,0,NaN,47.31503869037705,8.934299330832069,1
1514152800,0.98165,0.984225,0.97783,0.98188,0,NaN,34.395645189809784,16.340079345028304,1
1514757600,0.98188,0.9851,0.97115,0.97598,0,NaN,24.880917305345143,22.640894514831174,1
1515362400,0.97598,0.99075,0.97145,0.98651,0,NaN,22.659672796445424,48.91005937141426,1
1515967200,0.98651,1.00012,0.98416,0.99867,0,NaN,26.101019593146205,95.57123155900115,1
1516572000,0.99867,1.00099,0.99143,0.99885,0,NaN,17.741263181507875,93.86570852816703,1
1517176800,0.99885,1.00058,0.98068,0.98445,0,NaN,-31.528892973599767,87.28641960017092,1
1517781600,0.98445,0.99056,0.9784,0.98289,0,NaN,10.600622599974812,74.21732617120202,1
1518386400,0.98289,0.99526,0.9822,0.99306,0,NaN,30.779178973558942,90.41861433249964,1
1518991200,0.99306,0.99904,0.98697,0.99062,0,NaN,1.6996038283263317,60.30982082146735,1
1519596000,0.99062,1.00126,0.99062,1.00013,0,NaN,40.50360380395288,64.81689683475716,1
1520200800,1.00013,1.01366,0.99836,1.00528,0,NaN,64.40025208253783,73.85540673794185,1
1520802000,1.00528,1.02429,1.00528,1.01031,0,NaN,67.81132939566646,80.10425166912853,1
1521406800,1.01031,1.01106,0.991,0.99268,0,NaN,52.294418445371335,49.59457334179594,1
1522011600,0.99268,0.99874,0.98742,0.99088,0,NaN,69.1322048503027,6.884399008130544,1
1522616400,0.99088,0.99242,0.97834,0.98108,0,NaN,54.34222540298519,-12.582211249353701,1
1523221200,0.98108,0.98288,0.97494,0.97936,0,NaN,76.77942296753366,-1.7232477001937454,1
1523826000,0.97936,0.98578,0.9727,0.97931,0,NaN,41.72536991937599,2.962210873286587,1
1524430800,0.97931,0.9798,0.9711,0.97274,0,NaN,51.94032347397783,-34.54223888208621,1
1525035600,0.97274,0.97318,0.96074,0.96838,0,NaN,52.76894280085851,-43.58940499972245,1
1525640400,0.96838,0.9707,0.95546,0.96498,0,NaN,36.382381783284494,-52.92127479271613,1
1526245200,0.96498,0.96895,0.95886,0.96789,0,NaN,30.915671719154943,-77.85534097612553,1
1526850000,0.96789,0.98182,0.96659,0.97939,0,NaN,43.355123566201456,-73.2230858239415,1
1527454800,0.97939,0.98387,0.97064,0.98032,0,NaN,45.793701014175966,-51.91456654803749,1
1528059600,0.98032,0.99346,0.97989,0.98231,0,NaN,25.185846912023887,-49.47566274172384,1
1528664400,0.98231,0.99112,0.97826,0.98066,0,NaN,68.09901711536949,-27.194460925559504,1
1529269200,0.98066,0.99369,0.9739,0.98718,0,NaN,100,-42.33306327698431,1
1529874000,0.98718,0.98833,0.97107,0.97269,0,NaN,91.99297962152816,-52.9477462231809,1
1530478800,0.97269,0.97698,0.96586,0.97205,0,NaN,49.7733770153089,-26.854389155659106,1
1531083600,0.97205,0.98135,0.9682,0.97699,0,NaN,55.79249203066871,1.2754987782373917,1
1531688400,0.97699,0.97965,0.97042,0.97467,0,NaN,46.943693389352475,0.23661100352412845,1
1532293200,0.97467,0.97879,0.96311,0.96633,0,NaN,44.3209762438559,-4.685306471656492,1
1532898000,0.96633,0.97086,0.95788,0.9615,0,NaN,29.665250429582937,-15.69323033828385,1
1533502800,0.9615,0.97069,0.95282,0.95959,0,NaN,47.02585044240956,-31.219544949148336,1
1534107600,0.95959,0.95959,0.94182,0.95515,0,NaN,42.75872190649986,-45.5256406058313,1
1534712400,0.95515,0.96126,0.94744,0.95446,0,NaN,19.09596234751991,-46.44185329258302,1
1535317200,0.95446,0.95577,0.93634,0.93766,0,NaN,-1.7783445552698147,-44.46617356854292,1
1535922000,0.93766,0.95179,0.93508,0.93518,0,NaN,6.065820778470265,-42.52270497031595,1
1536526800,0.93518,0.93982,0.92714,0.93251,0,NaN,29.533471899635817,-41.2226662624646,1
1537131600,0.93251,0.94344,0.93164,0.94149,0,NaN,19.49153190374112,-35.81033491073815,1
1537736400,0.94149,0.94912,0.93152,0.93234,0,NaN,-1.2384239675992745,-32.59354300226616,1
1538341200,0.93234,0.93234,0.91053,0.91245,0,NaN,-16.423488144349207,-60.72341138759187,1
1538946000,0.91245,0.92936,0.91245,0.92648,0,NaN,36.237937367947836,-45.15149550826299,1
1539550800,0.92648,0.93658,0.92238,0.93276,0,NaN,16.547472216575763,-16.158116019494116,1
1540155600,0.93276,0.93388,0.91758,0.92933,0,NaN,32.71474519910813,-13.75835336022681,1
1540760400,0.92933,0.94806,0.92642,0.94311,0,NaN,58.52718309260874,-14.769560852691242,1
1541368800,0.94311,0.95688,0.94146,0.95456,0,NaN,43.39826471070939,13.465545896811328,1
1541973600,0.95456,0.96544,0.94886,0.96404,0,NaN,65.58732596974986,24.116126470664916,1
1542578400,0.96404,0.96644,0.95278,0.95747,0,NaN,28.067158719301414,22.74788868361532,1
1543183200,0.95747,0.97491,0.95548,0.97111,0,NaN,60.47783902746879,21.273721559211815,1
1543788000,0.97111,0.97756,0.95754,0.96014,0,NaN,51.626545187208905,0.7086654548603557,1
1544392800,0.96014,0.96778,0.9567,0.96046,0,NaN,100,46.3193396881703,1
1544997600,0.96046,0.97032,0.95628,0.95685,0,NaN,51.07923581687893,23.664845775561233,1
1545602400,0.95685,0.9628,0.95613,0.96086,0,NaN,80.3850547773125,19.3407081250282,1
1546207200,0.96086,0.96312,0.95945,0.96135,0,NaN,77.83943176923738,36.91275418131136,1
1546293600,0.96135,0.96184,0.90969,0.9506,0,NaN,38.634049817361586,21.264058599120357,1
1546898400,0.9506,0.95748,0.9455,0.9559,0,NaN,40.92276194856821,7.5980072455775645,1
1547503200,0.9559,0.95784,0.94896,0.95174,0,NaN,7.469314480048482,0.7252865029322388,1
1548108000,0.95174,0.9555,0.94484,0.95024,0,NaN,41.998452025099795,0.1979754917494666,1
1548712800,0.95024,0.95804,0.94575,0.9474,0,NaN,-15.359033720621674,-11.469390925151702,1
1549317600,0.9474,0.95236,0.93812,0.9393,0,NaN,37.00440288287398,-15.940113125616367,1
1549922400,0.9393,0.9477,0.93834,0.94408,0,NaN,23.20454324765799,-20.1020206542661,1
1550527200,0.94408,0.94885,0.9319,0.94524,0,NaN,27.744114777745928,-6.924261886404329,1
1551132000,0.94524,0.94756,0.93162,0.9435,0,NaN,-3.846304778786667,-15.95178594774113,1
1551736800,0.9435,0.94832,0.93894,0.9469,0,NaN,13.598674637087244,-32.20429907433878,1
1552338000,0.9469,0.94906,0.93866,0.94733,0,NaN,19.155685627232344,-9.631555496078393,1
1552942800,0.94733,0.95485,0.9413,0.95318,0,NaN,27.896720122046343,-8.620068905071994,1
1553547600,0.95318,0.95633,0.94604,0.94638,0,NaN,39.00722330772457,-19.85881622788814,1
1554152400,0.94638,0.95505,0.94156,0.9489,0,NaN,27.57460410201573,-14.700949293114483,1
1554757200,0.9489,0.96024,0.94782,0.95888,0,NaN,68.70077799373135,-6.213502323029118,1
1555362000,0.95888,0.96146,0.95148,0.95226,0,NaN,39.11405668977078,6.286549951691001,1
1555966800,0.95226,0.9541,0.94385,0.94954,0,NaN,48.40085943629988,-1.1827233768779415,1
1556571600,0.94954,0.95106,0.93781,0.94022,0,NaN,33.62954922101567,-16.0463617572937,1
1557176400,0.94022,0.94572,0.93476,0.93612,0,NaN,33.08162715136412,-22.795434962757092,1
1557781200,0.93612,0.93738,0.92302,0.92765,0,NaN,20.75344135365114,-27.520115332500946,1
1558386000,0.92765,0.93238,0.92016,0.92999,0,NaN,32.96315812043443,-31.605966826654615,1
1558990800,0.92999,0.93962,0.92976,0.93774,0,NaN,36.62118737873647,-32.798223490905286,1
1559595600,0.93774,0.9395,0.92312,0.9234,0,NaN,9.364559551897838,-27.49033161413269,1
1560200400,0.9234,0.92551,0.91788,0.9192,0,NaN,28.206683124104373,-30.084312258582614,1
1560805200,0.9192,0.9213,0.91057,0.91808,0,NaN,-12.380737058693697,-56.87292994071735,1
1561410000,0.91808,0.92047,0.91251,0.91475,0,NaN,-23.567371242405677,-28.003896958736266,1
1562014800,0.91475,0.92052,0.91154,0.91322,0,NaN,-38.501372432074724,-31.006300055089262,1
1562619600,0.91322,0.91879,0.9073,0.91854,0,NaN,-32.458979681663024,-26.299623225911063,1
1563224400,0.91854,0.92428,0.91418,0.92304,0,NaN,-18.46593285121555,-15.863433884849417,1
1563829200,0.92304,0.92474,0.90758,0.9084,0,NaN,-36.40364223339636,-19.923973334681605,1
1564434000,0.9084,0.90959,0.8919,0.8923,0,NaN,-34.755948077800376,-54.98396093467059,1
1565038800,0.8923,0.9052,0.88898,0.89364,0,NaN,-39.30692667734288,-57.815771710877186,1
1565643600,0.89364,0.90482,0.89328,0.90124,0,NaN,15.25026996013393,-36.80627024610754,1
1566248400,0.90124,0.90465,0.89068,0.89802,0,NaN,-15.791558755297505,-45.71517665350029,1
1566853200,0.89802,0.89878,0.89114,0.89482,0,NaN,-4.313868410087839,-35.46696318692475,1
1567458000,0.89482,0.90545,0.89246,0.90381,0,NaN,46.72411027331886,-45.579091854336205,1
1568062800,0.90381,0.9145,0.90049,0.90894,0,NaN,22.104335881539818,-26.999327159733163,1
1568667600,0.90894,0.91038,0.89658,0.89834,0,NaN,2.864051309117449,-39.50178027421852,1
1569272400,0.89834,0.90197,0.89228,0.8937,0,NaN,0.3127643904976867,-59.67535669714888,1
1569877200,0.8937,0.90266,0.88357,0.89628,0,NaN,24.579424742021498,-31.517925823392133,1
1570482000,0.89628,0.90376,0.89207,0.89676,0,NaN,15.01653997363491,-4.594729267217611,1
1571086800,0.89676,0.90214,0.88809,0.89894,0,NaN,8.16588547029256,5.731209118662684,1
1571691600,0.89894,0.90028,0.89034,0.89286,0,NaN,-42.7821430443151,-4.75244333259767,1
1572296400,0.89286,0.912,0.89246,0.90533,0,NaN,-11.809531660818296,20.62493782676577,1
1572904800,0.90533,0.91102,0.90466,0.90653,0,NaN,-9.804086244469872,20.477568644444787,1
1573509600,0.90653,0.90768,0.89756,0.89926,0,NaN,-33.512367888493216,-2.4661583175733908,1
1574114400,0.89926,0.90698,0.89669,0.90144,0,NaN,-7.950849921566276,1.654469460537359,1
1574719200,0.90144,0.90776,0.89734,0.90748,0,NaN,39.72486154709006,18.604475291374698,1
1575324000,0.90748,0.91186,0.89801,0.90337,0,NaN,8.526946402227182,38.10584744843005,1
1575928800,0.90337,0.91398,0.9004,0.90587,0,NaN,-27.28060593887092,39.259018965528846,1
1576533600,0.90587,0.91128,0.89818,0.91008,0,NaN,-8.396117397715226,49.17288106518946,1
1577138400,0.91008,0.91504,0.9087,0.91396,0,NaN,-44.432121754980415,43.013198679173236,1
1577743200,0.91396,0.91512,0.91009,0.91142,0,NaN,-35.199564380040144,41.54590139121728,1
1577829600,0.91142,0.91142,0.89186,0.89334,0,NaN,-56.77799948536668,12.56012085171167,1
1578434400,0.89334,0.90328,0.89042,0.90162,0,NaN,-41.935699291372615,14.853151661979908,1
1579039200,0.90162,0.90388,0.89458,0.89472,0,NaN,-57.065853294976016,22.393185325296947,1
1579644000,0.89472,0.90496,0.88911,0.88965,0,NaN,-60.98484860046328,-1.9354494029852223,1
1580248800,0.88965,0.8953,0.88437,0.89474,0,NaN,-48.09258587858278,21.954001668904247,1
1580853600,0.89474,0.8996,0.88682,0.89219,0,NaN,-19.145353788108345,-3.115866962284663,1
1581458400,0.89219,0.8954,0.8853,0.88686,0,NaN,-22.972581736432215,-28.199354630886454,1
1582063200,0.88686,0.88784,0.87298,0.87668,0,NaN,-25.39169511553566,-58.94654654677711,1
1582668000,0.87668,0.88602,0.86405,0.88116,0,NaN,7.980247228571962,-45.838155185566514,1
1583272800,0.88116,0.90604,0.86764,0.89278,0,NaN,69.79671948457172,19.312313554026538,1
1583874000,0.89278,0.89821,0.84335,0.8521,0,NaN,52.35770742212874,-84.03695847343738,1
1584478800,0.8521,0.86368,0.80685,0.86178,0,NaN,100,-100,1
1585083600,0.86178,0.88074,0.83673,0.86223,0,NaN,53.49839202591424,-23.008027732416906,1
1585688400,0.86223,0.8772,0.84704,0.86338,0,NaN,58.24635738185471,-39.07889316988488,1
1586293200,0.86338,0.89572,0.8595,0.89436,0,NaN,31.635770556331067,24.20305043530613,1
1586898000,0.89436,0.89882,0.88462,0.89252,0,NaN,29.03047743031189,25.825170898520017,1
1587502800,0.89252,0.91086,0.89125,0.90856,0,NaN,43.57499901643058,68.14653819644111,1
1588107600,0.90856,0.91222,0.90082,0.9035,0,NaN,2.350338733650169,88.11353436556338,1
1588712400,0.9035,0.9137,0.90218,0.91114,0,NaN,7.703069612159439,65.15751420063707,1
1589317200,0.91114,0.9143,0.90234,0.91158,0,NaN,3.0333450936574806,21.158495454268323,1
1589922000,0.91158,0.9202,0.9105,0.91655,0,NaN,-7.344678259660498,100,1
1590526800,0.91655,0.93285,0.90646,0.93242,0,NaN,-100.00000000000001,100,1
1591131600,0.93242,0.94448,0.92935,0.93389,0,NaN,-92.08039097275768,72.978332156465,1
1591736400,0.93389,0.94276,0.92711,0.93272,0,NaN,-79.66291440765691,100,1
1592341200,0.93272,0.9415,0.92725,0.93912,0,NaN,-63.769177327911905,56.6106369172425,1
1592946000,0.93912,0.94217,0.93348,0.93714,0,NaN,-65.95347481099986,64.65972821358596,1
1593550800,0.93714,0.9477,0.93487,0.94514,0,NaN,-81.04924809597435,50.0302652549622,1
1594155600,0.94514,0.95003,0.94185,0.94989,0,NaN,-43.44058943056767,63.733594921119234,1
1594760400,0.94989,0.96039,0.94342,0.9594,0,NaN,-55.59947147827735,74.79058847943378,1
1595365200,0.9594,0.96408,0.94912,0.95778,0,NaN,-88.86471022900514,77.64502325331583,1
1595970000,0.95778,0.9697,0.95062,0.95376,0,NaN,-72.45133890734633,82.40435068520227,1
1596574800,0.95376,0.96401,0.94949,0.94998,0,NaN,-84.14994954562533,61.797279576063815,1
1597179600,0.94998,0.95604,0.94379,0.95377,0,NaN,-40.156407857865766,48.10123110095527,1
1597784400,0.95377,0.95608,0.94272,0.94776,0,NaN,-58.43781128398959,36.656719596997824,1
1598389200,0.94776,0.96526,0.94712,0.96328,0,NaN,-81.95643766526817,49.793541908175264,1
1598994000,0.96328,0.96436,0.9487,0.95498,0,NaN,-59.80173338517706,42.50805595979857,1
1599598800,0.95498,0.96557,0.95315,0.96287,0,NaN,-56.51321149635697,44.34293951075097,1
1600203600,0.96287,0.96684,0.95322,0.95375,0,NaN,-52.574748868138585,26.0235079584916,1
1600808400,0.95375,0.95541,0.93915,0.95486,0,NaN,-48.71027656582126,2.1454217553054242,1
1601413200,0.95486,0.95834,0.94534,0.94534,0,NaN,-36.58253533005547,-9.29758898748731,1
1602018000,0.94534,0.95035,0.93954,0.94078,0,NaN,-45.663951148980196,-23.339719112508075,1
1602622800,0.94078,0.94412,0.92504,0.92526,0,NaN,-40.891654258517434,-42.51265814651166,1
1603227600,0.92526,0.94152,0.9248,0.93988,0,NaN,-30.523581297594614,-18.02599207128749,1
1603832400,0.93988,0.94342,0.92996,0.94191,0,NaN,-29.84901545753344,-25.518372162434062,1
1604440800,0.94191,0.9516,0.9356,0.94934,0,NaN,-26.27211790767227,-18.027479843376078,1
1605045600,0.94934,0.95923,0.94805,0.95656,0,NaN,-37.68701627056237,-9.342617709311117,1
1605650400,0.95656,0.95968,0.94997,0.95674,0,NaN,-39.33744647392907,-5.411783078611678,1
1606255200,0.95674,0.962,0.9518,0.95364,0,NaN,-53.75664663130038,1.5499874947214813,1
1606860000,0.95364,0.9606,0.94574,0.95002,0,NaN,-71.68843514200375,20.40575907011617,1
1607464800,0.95002,0.96528,0.9492,0.96,0,NaN,-56.63903119582825,30.29089416095033,1
1608069600,0.96,0.97579,0.95875,0.97118,0,NaN,-53.13945691810422,53.52480162454182,1
1608674400,0.97118,0.98051,0.97038,0.9751,0,NaN,-46.18383049904635,72.05286375433772,1
1609279200,0.9751,0.9859,0.9746,0.9791,0,NaN,-65.77809568465922,52.804846303904334,1
1609452000,0.9791,0.99012,0.97744,0.98594,0,NaN,-59.057456564840905,70.39822986509327,1
1610056800,0.98594,0.98896,0.9813,0.9828,0,NaN,-57.00785946901369,45.31021526516232,1
1610661600,0.9828,0.98428,0.97738,0.98107,0,NaN,-57.55056803103664,34.316583888824894,1
1611266400,0.98107,0.98554,0.9771,0.98546,0,NaN,-44.72702329883832,35.610538222543006,1
1611871200,0.98546,0.98584,0.97147,0.97485,0,NaN,-44.183008295581004,18.095559212791798,1
1612476000,0.97485,0.98514,0.9728,0.98496,0,NaN,-30.520537479222803,20.908873305992774,1
1613080800,0.98496,0.98728,0.98222,0.98492,0,NaN,-44.83567850368125,18.118797477382873,1
1613685600,0.98492,0.99938,0.98456,0.99224,0,NaN,-50.973082903049935,8.179732057703514,1
1614290400,0.99224,0.99371,0.9778,0.97815,0,NaN,-57.32106146566339,-11.344018245999987,1
1614895200,0.97815,0.9797,0.96662,0.97626,0,NaN,-31.45514513439533,-28.359024643704927,1
1615500000,0.97626,0.97717,0.96098,0.9688,0,NaN,-50.9634313138726,-44.44681122083039,1
1616101200,0.9688,0.97134,0.95348,0.95616,0,NaN,-40.16245700410952,-56.19170368839607,1
1616706000,0.95616,0.96438,0.9491,0.95554,0,NaN,-37.23476444277788,-57.88639207284212,1
1617310800,0.95554,0.96506,0.95464,0.96125,0,NaN,-46.629337971579545,-52.12480603221488,1
1617915600,0.96125,0.97297,0.95342,0.97232,0,NaN,-28.874867359466315,-19.011430303675795,1
1618520400,0.97232,0.97593,0.96204,0.96365,0,NaN,-50.515164774534924,-31.24167711749792,1
1619125200,0.96365,0.97092,0.95344,0.95391,0,NaN,-60.0017020988388,-38.86976947113965,1
1619730000,0.95391,0.95547,0.94538,0.9457,0,NaN,-48.66570410401705,-62.98399307610081,1
1620334800,0.9457,0.95573,0.93388,0.94013,0,NaN,-69.1250027583598,-43.779712404243135,1
1620939600,0.94013,0.94359,0.93356,0.9377,0,NaN,-79.44584378513929,-27.85594250836103,1
1621544400,0.9377,0.94096,0.93046,0.93441,0,NaN,-64.64032578830215,-23.713257516605402,1
1622149200,0.93441,0.93724,0.92615,0.92758,0,NaN,-72.39159223402856,-14.221155226324443,1
1622754000,0.92758,0.93869,0.92666,0.93787,0,NaN,-65.618526500865,0.45982676738546324,1
1623358800,0.93787,0.93968,0.93142,0.93281,0,NaN,-50.51670252610518,-13.14536955394691,1
1623963600,0.93281,0.93612,0.92834,0.9344,0,NaN,-57.59204981067025,-46.5482334069469,1
1624568400,0.9344,0.93603,0.92614,0.92936,0,NaN,-33.79915279899991,-48.01859653894917,1
1625173200,0.92936,0.9377,0.92484,0.93144,0,NaN,-4.696885233358845,-50.419806140908555,1
1625778000,0.93144,0.93762,0.92951,0.93475,0,NaN,1.4363140792175386,-28.123376451665994,1
1626382800,0.93475,0.94196,0.92172,0.92719,0,NaN,20.421928376917258,-41.49661612575194,1
1626987600,0.92719,0.92976,0.91986,0.92073,0,NaN,8.753728725549998,-52.899292618594686,1
1627592400,0.92073,0.93116,0.91464,0.926,0,NaN,12.006260991522524,-38.9489844456999,1
1628197200,0.926,0.926,0.91762,0.91885,0,NaN,21.036029238561994,-45.538669444287066,1
1628802000,0.91885,0.92334,0.91197,0.9169,0,NaN,30.125966752382112,-49.54805871537281,1
1629406800,0.9169,0.92068,0.91136,0.91818,0,NaN,9.706074299597127,-57.72862028694696,1
1630011600,0.91818,0.93364,0.91728,0.92896,0,NaN,-8.551550897061471,-22.677173620044805,1
1630616400,0.92896,0.93769,0.92852,0.93313,0,NaN,-8.65124072348771,-8.229001829775722,1
1631221200,0.93313,0.93467,0.92308,0.92468,0,NaN,-25.344635461054963,-16.953827291582225,1
1631826000,0.92468,0.93162,0.92008,0.92332,0,NaN,-18.49938878771721,-31.779588627596212,1
1632430800,0.92332,0.92516,0.91432,0.9164,0,NaN,-19.791809177966552,-26.83939920154163,1
1633035600,0.9164,0.92106,0.91346,0.91778,0,NaN,-10.36671923130199,-20.894234169108188,1
1633640400,0.91778,0.9201,0.9094,0.91728,0,NaN,-23.326002304010366,-38.928699642445125,1
1634245200,0.91728,0.92791,0.91486,0.9237,0,NaN,-33.36815872849206,-16.10035051732988,1
1634850000,0.9237,0.93374,0.92226,0.93134,0,NaN,-56.191698710506785,-8.137786437722534,1
1635454800,0.93134,0.93293,0.91958,0.92187,0,NaN,-63.91325484937509,-9.774614498557446,1
1636059600,0.92187,0.92498,0.91259,0.91728,0,NaN,-38.10992345565954,-34.117034674922024,1
1636668000,0.91728,0.92308,0.91381,0.91702,0,NaN,-33.94399405196173,-57.94290973605611,1
1637272800,0.91702,0.92046,0.90868,0.9093,0,NaN,-24.856848439231815,-61.98901760013029,1
1637877600,0.9093,0.9153,0.90641,0.90824,0,NaN,-22.200219696170333,-50.39795934874942,1
1638482400,0.90824,0.90988,0.89722,0.90869,0,NaN,-3.4276608508080457,-45.84961325149241,1
1639087200,0.90869,0.92321,0.90685,0.91778,0,NaN,-7.650602951777671,-36.37783259908963,1
1639692000,0.91778,0.9288,0.91562,0.92762,0,NaN,15.131262210547156,-20.254570688824124,1
1640296800,0.92762,0.93037,0.92311,0.92352,0,NaN,0.8485672417553047,-28.70098252438216,1
1640901600,0.92352,0.92561,0.91678,0.91885,0,NaN,-13.597031510673656,-41.891538661269074,1
1641160800,0.91885,0.92396,0.90694,0.9079,0,NaN,5.639591194393649,-39.65292830161546,1
1641765600,0.9079,0.91288,0.90374,0.90523,0,NaN,-13.475955015473007,-37.351755547429875,1
1642370400,0.90523,0.90724,0.89768,0.90284,0,NaN,-24.89749050028489,-21.27325093705644,1
1642975200,0.90284,0.90594,0.89082,0.89365,0,NaN,-28.911633686840744,-19.267914936603773,1
1643580000,0.89365,0.90786,0.8923,0.90328,0,NaN,-23.911433803693022,-19.682414163606342,1
1644184800,0.90328,0.91659,0.90096,0.90798,0,NaN,-27.982773139669153,-24.425410993682924,1
1644789600,0.90798,0.91639,0.90547,0.91524,0,NaN,-11.459793915360727,-35.41978853111099,1
1645394400,0.91524,0.92408,0.9136,0.91836,0,NaN,-38.97323851691319,-40.27961865511262,1
1645999200,0.91836,0.93992,0.9146,0.93866,0,NaN,14.660193664263883,-33.56027157945559,1
1646604000,0.93866,0.94626,0.92782,0.9299,0,NaN,12.56460451291522,-57.27963147905557,1
1647205200,0.9299,0.93624,0.91716,0.93438,0,NaN,57.611143227226954,-42.785493109223815,1
1647810000,0.93438,0.94403,0.92908,0.9377,0,NaN,13.31512796650723,-27.055982068257908,1
1648414800,0.9377,0.94154,0.934,0.93846,0,NaN,7.09908902272848,-28.671378164704095,1
1649019600,0.93846,0.95162,0.93654,0.93793,0,NaN,-13.448963608474184,-20.897073325563383,1
1649624400,0.93793,0.94459,0.93205,0.9328,0,NaN,-23.755520869182007,-41.41153959023411,1
1650229200,0.9328,0.93494,0.92,0.92081,0,NaN,-44.40287604479826,-76.55564119203385,1
1650834000,0.92081,0.92243,0.90708,0.90796,0,NaN,-9.159470206873205,-100.00000000000003,1
1651438800,0.90796,0.92628,0.9049,0.91343,0,NaN,-8.00628726469645,-97.18097090268904,1
1652043600,0.91343,0.91343,0.89226,0.89575,0,NaN,-2.8461648302273126,-99.99999999999999,1
1652648400,0.89575,0.90558,0.89192,0.90463,0,NaN,32.28222559322465,-65.82410818140804,1
1653253200,0.90463,0.91302,0.90396,0.91076,0,NaN,-13.270269473234208,-47.227014614271916,1
1653858000,0.91076,0.91471,0.90503,0.90755,0,NaN,-1.0077793258119696,-57.31850605655238,1
1654462800,0.90755,0.91108,0.89844,0.90068,0,NaN,32.084001262640754,-78.98011459448337,1
1655067600,0.90068,0.91342,0.88836,0.90348,0,NaN,64.56025464480538,-69.0245444834519,1
1655672400,0.90348,0.90884,0.89204,0.89465,0,NaN,55.998150580746895,-62.979024371689206,1
1656277200,0.89465,0.8968,0.87462,0.8782,0,NaN,70.54705930328532,-72.71134625263575,1
1656882000,0.8782,0.89024,0.87646,0.88665,0,NaN,35.57535093838211,-33.92979675861369,1
1657486800,0.88665,0.88774,0.87359,0.88488,0,NaN,68.41299421424388,-72.85748509842549,1
1658091600,0.88488,0.89521,0.88262,0.89432,0,NaN,31.037025527320274,-24.881786867551746,1
1658696400,0.89432,0.89946,0.88812,0.89456,0,NaN,-21.35424326553989,-26.248041697756655,1
1659301200,0.89456,0.90335,0.88776,0.89428,0,NaN,-19.204712426839738,-40.49369873970752,1
1659906000,0.89428,0.91067,0.8931,0.90985,0,NaN,74.16114973335245,-32.02600655393552,1
1660510800,0.90985,0.91034,0.89214,0.8935,0,NaN,4.56882917097467,-29.48063897358025,1
1661115600,0.8935,0.90513,0.89218,0.89858,0,NaN,38.752345321366874,-46.72059186937127,1
1661720400,0.89858,0.90267,0.8917,0.89428,0,NaN,7.864611768129853,-39.784070224498414,1
1662325200,0.89428,0.89522,0.88172,0.8912,0,NaN,50.87752059284503,-32.33659097161925,1
1662930000,0.8912,0.89626,0.88468,0.8914,0,NaN,31.86011354071961,-30.28559857728876,1
1663534800,0.8914,0.89682,0.88602,0.888,0,NaN,16.629613925424604,-6.464585172279655,1
1664139600,0.888,0.89114,0.8782,0.88565,0,NaN,84.45854509405365,-61.285040364672014,1
1664744400,0.88565,0.88965,0.87302,0.87416,0,NaN,77.1629511808444,-45.50723931110196,1
1665349200,0.87416,0.87536,0.86048,0.86126,0,NaN,100,-98.83927500989867,1
1665954000,0.86126,0.87197,0.85993,0.87088,0,NaN,74.6756065971367,-84.78190779942534,1
1666558800,0.87088,0.8834,0.86206,0.87258,0,NaN,93.54204142405453,-53.68236430618808,1
1667163600,0.87258,0.87968,0.8636,0.87232,0,NaN,48.006100935293176,-40.69343011796614,1
1667772000,0.87232,0.88984,0.86628,0.88894,0,NaN,69.34927360271115,-3.064323859872781,1
1668376800,0.88894,0.9016,0.88505,0.8936,0,NaN,-22.971388248925873,48.09071127560063,1
1668981600,0.8936,0.904,0.88656,0.90366,0,NaN,28.424430083761834,49.9134878093269,1
1669586400,0.90366,0.91893,0.89584,0.91555,0,NaN,12.949443594511703,100,1
1670191200,0.91555,0.92786,0.90964,0.92732,0,NaN,-12.569145545093836,100,1
1670796000,0.92732,0.9331,0.91244,0.91576,0,NaN,-23.55417619101903,82.17226166619312,1
1671400800,0.91576,0.91878,0.90431,0.91268,0,NaN,-35.242553706247904,100,1
1672005600,0.91268,0.92406,0.90895,0.9235,0,NaN,-53.45570786052376,95.76517777853148,1
1672610400,0.9235,0.9346,0.9122,0.92436,0,NaN,-29.47306203746768,89.32489259766784,1
1673215200,0.92436,0.93473,0.9203,0.93443,0,NaN,-38.62092339444984,100,1
1673820000,0.93443,0.94449,0.92814,0.93246,0,NaN,-61.46721273681087,75.14062010885833,1
1674424800,0.93246,0.95489,0.93215,0.9463,0,NaN,12.466133702477197,62.788887505018636,1
1675029600,0.9463,0.94982,0.9273,0.92778,0,NaN,-75.54018343350455,42.525660935084005,1
1675634400,0.92778,0.93812,0.92257,0.92342,0,NaN,-39.86258320923571,9.91437220541253,1
1676239200,0.92342,0.93391,0.92073,0.92683,0,NaN,-81.58665048236159,-1.208759377818689,1
1676844000,0.92683,0.93113,0.91487,0.9153,0,NaN,-4.767192150851667,-14.734623451635812,1
1677448800,0.9153,0.9217,0.91026,0.92061,0,NaN,-8.427942634968613,-10.771725078162502,1
1678053600,0.92061,0.92061,0.90459,0.91,0,NaN,17.96048602730258,-28.799155111911606,1
1678654800,0.91,0.92108,0.9087,0.92028,0,NaN,21.050779147894772,-17.644085599619082,1
1679259600,0.92028,0.92321,0.91054,0.9135,0,NaN,-4.875666814119624,-33.082797867664354,1
1679864400,0.9135,0.91468,0.90291,0.90358,0,NaN,4.971535510814121,-41.13899326359862,1
1680469200,0.90358,0.91273,0.89756,0.90086,0,NaN,-19.882124158617945,-50.42285009449329,1
1681074000,0.90086,0.90682,0.89524,0.89646,0,NaN,4.652307449035504,-42.03324681991025,1
1681678800,0.89646,0.9107,0.89436,0.90627,0,NaN,0.13026436665597174,-16.720526158317725,1
1682283600,0.90627,0.90738,0.89516,0.8962,0,NaN,13.758381939094399,-24.287600828167804,1
1682888400,0.8962,0.91068,0.89508,0.90316,0,NaN,-23.997795906082835,-11.242948617848695,1
1683493200,0.90316,0.90938,0.89942,0.9005,0,NaN,-74.94408718814185,-6.246626083944529,1
1684098000,0.9005,0.90432,0.891,0.89765,0,NaN,-74.14809830457921,-9.994327741428208,1
1684702800,0.89765,0.89918,0.88614,0.88798,0,NaN,-62.8188386179722,-37.829640780801626,1
1685307600,0.88798,0.89076,0.87838,0.88692,0,NaN,-33.80337892445458,-43.503004282415645,1
1685912400,0.88692,0.90002,0.88492,0.8996,0,NaN,-40.30459196663286,-25.68660195560932,1
1686517200,0.8996,0.91174,0.89868,0.90798,0,NaN,-57.95366440497308,-19.394535696240197,1
1687122000,0.90798,0.90821,0.87972,0.88014,0,NaN,-54.2614633727779,-27.325079074926958,1
1687726800,0.88014,0.88386,0.87442,0.88236,0,NaN,-61.369021079846256,-38.513462715290196,1
1688331600,0.88236,0.88914,0.87962,0.88858,0,NaN,-62.86017388098846,-32.748774652907386,1
1688936400,0.88858,0.90567,0.88095,0.9038,0,NaN,-24.640122691103688,-11.792280863327708,1
1689541200,0.9038,0.90481,0.888,0.89022,0,NaN,-63.50490035830938,-10.815927117541726,1
1690146000,0.89022,0.89812,0.87726,0.88073,0,NaN,-85.76646931443875,-20.044044832241784,1
1690750800,0.88073,0.8875,0.87109,0.87928,0,NaN,-98.07202897221886,-11.209128271534235,1
1691355600,0.87928,0.88486,0.87218,0.87345,0,NaN,-57.08849216218739,-9.001456561505577,1
1691960400,0.87345,0.87654,0.86252,0.86788,0,NaN,-29.443135186324835,-34.88580536366574,1
1692565200,0.86788,0.87726,0.86536,0.87104,0,NaN,26.560425010008565,-42.463804391108,1
1693170000,0.87104,0.8827,0.87062,0.8767,0,NaN,37.42335402764034,-28.27589112914344,1
1693774800,0.8767,0.8798,0.8672,0.87004,0,NaN,27.106598213425478,-35.14654271577341,1
1694379600,0.87004,0.87606,0.86668,0.8702,0,NaN,3.8079763460520617,-41.51228954585061,1
1694984400,0.8702,0.87292,0.86328,0.86858,0,NaN,-39.977541357358845,-68.23014230969702,1
1695589200,0.86858,0.87405,0.85648,0.87368,0,NaN,52.17125411117259,-75.63598435599104,1
1696194000,0.87368,0.87456,0.86248,0.87235,0,NaN,72.34647525945053,-63.37613174787686,1
1696798800,0.87235,0.87486,0.85848,0.8598,0,NaN,10.530564633227627,-62.84175913426513,1
1697403600,0.8598,0.87118,0.8598,0.86605,0,NaN,15.637079157205442,-51.97647431239819,1
1698008400,0.86605,0.88137,0.86316,0.87878,0,NaN,28.63864892493175,-21.547670997238463,1
1698613200,0.87878,0.89097,0.87651,0.8895,0,NaN,31.098626840132418,-18.40609291883198,1
1699221600,0.8895,0.89093,0.87706,0.8777,0,NaN,-28.768986457739796,-21.39538196671931,1
1699826400,0.8777,0.89468,0.87662,0.89428,0,NaN,-13.687261191189297,-3.4470069853366265,1
1700431200,0.89428,0.9035,0.89238,0.89788,0,NaN,-8.359245384642449,19.214476818800257,1
1701036000,0.89788,0.90426,0.89365,0.9009,0,NaN,-2.117024555247575,29.733203044444103,1
1701640800,0.9009,0.90231,0.88778,0.8936,0,NaN,-27.09653152167629,20.559279623918215,1
1702245600,0.8936,0.9061,0.88944,0.89682,0,NaN,-76.19616162420098,28.24851798721189,1
1702850400,0.89682,0.90518,0.8954,0.90216,0,NaN,-29.91988107234849,49.973737217238174,1
1703455200,0.90216,0.9065,0.89862,0.90284,0,NaN,-81.60335618245881,53.8148718775022,1
1704060000,0.90284,0.9058,0.88974,0.89732,0,NaN,-100,33.34079212961574,1
1704664800,0.89732,0.89883,0.89262,0.89645,0,NaN,-100,20.79190793594765,1
1705269600,0.89645,0.89724,0.88145,0.886,0,NaN,-38.154010838258664,12.80316889890154,1
1705874400,0.886,0.89158,0.8838,0.8847,0,NaN,-47.945376509646465,-5.152646193930019,1
1706479200,0.8847,0.88782,0.87579,0.877,0,NaN,-64.57118098841258,-31.801798840845358,1
1707084000,0.877,0.88146,0.87264,0.87812,0,NaN,-30.063510507340727,-42.5939642042182,1
1707688800,0.87812,0.88218,0.87374,0.88086,0,NaN,-10.29318832676427,-27.82503340861763,1
1708293600,0.88086,0.889,0.88006,0.88671,0,NaN,-3.901375508989533,-22.728878324025345,1
1708898400,0.88671,0.88699,0.88066,0.88492,0,NaN,20.058347017088657,-37.62835443281839,1
1709503200,0.88492,0.89504,0.88059,0.8936,0,NaN,32.13967625825185,-39.61785647267472,1
1710104400,0.8936,0.89448,0.88701,0.88848,0,NaN,19.019246757426387,-32.84735932291791,1
1710709200,0.88848,0.89296,0.88318,0.88644,0,NaN,2.883376484802511,-32.67567114570983,1
1711314000,0.88644,0.88988,0.88134,0.8827,0,NaN,-6.37832611549401,-28.78742495536618,1
1711918800,0.8827,0.89524,0.88012,0.89418,0,NaN,-3.9790152324688695,-16.03629587845551,1
1712523600,0.89418,0.90074,0.88968,0.89016,0,NaN,26.269338563776437,-7.454389587337559,1
1713128400,0.89016,0.89266,0.87817,0.88236,0,NaN,18.11756573419604,-24.71538496622447,1
1713733200,0.88236,0.89472,0.88148,0.89315,0,NaN,-9.740883975464953,-14.957613422184396,1
1714338000,0.89315,0.90598,0.89094,0.90452,0,NaN,11.533589453216628,-14.77268837185957,1
1714942800,0.90452,0.90767,0.90122,0.9029,0,NaN,-13.159321681328933,-10.403438811435656,1
1715547600,0.9029,0.9125,0.90066,0.9111,0,NaN,-10.766662051667225,-7.882188669703408,1
1716152400,0.9111,0.91258,0.90481,0.90572,0,NaN,23.32014838689426,-12.532849736052539,1
1716757200,0.90572,0.90988,0.9051,0.9067,0,NaN,10.65776528703394,-4.213490207926844,1
1717362000,0.9067,0.91353,0.90458,0.90586,0,NaN,17.95159739506562,6.70194727492871,1
1717966800,0.90586,0.91827,0.90528,0.90847,0,NaN,8.236154747887937,-5.54935037084047,1
1718571600,0.90847,0.91576,0.90574,0.9092,0,NaN,1.7010393554821572,-6.13807620759078,1
1719176400,0.90918,0.91483,0.90598,0.91238,0,NaN,-20.445877963069044,17.66376487122647,1
1719781200,0.91356,0.9209,0.91118,0.92066,0,NaN,1.71764738384433,9.778265379042782,1
1720386000,0.91926,0.9254,0.91737,0.92506,0,NaN,-18.879590643225846,12.044059774800829,1
1720990800,0.9242,0.92642,0.91738,0.9177,0,NaN,-15.849686357407103,6.868118358173685,1
1721595600,0.91803,0.91863,0.90174,0.90586,0,NaN,-7.544416652547343,-14.581216766264046,1
1722200400,0.90606,0.90848,0.89739,0.90325,0,NaN,-3.6522874498266233,-15.05933883997465,1
1722805200,0.9033,0.90647,0.88536,0.90228,0,NaN,4.542701004753962,-5.515779165881584,1
1723410000,0.90158,0.91324,0.90158,0.91234,0,NaN,-15.363863374983731,2.8333516038499234,1
1724014800,0.91202,0.91966,0.91141,0.91828,0,NaN,-25.827061373587583,22.728856633528444,1
1724619600,0.91756,0.91818,0.91172,0.91286,0,NaN,-47.967932284151736,23.55592921954149,1
1725224400,0.91254,0.91681,0.90415,0.90526,0,NaN,-36.676236893891215,7.976353759179876,1
1725829200,0.90486,0.91343,0.90182,0.91094,0,NaN,-30.031198622632022,1.5963782053698772,1
1726434000,0.91139,0.92688,0.91054,0.9237,0,NaN,-23.80388556506779,3.614822995430025,1
1727038800,0.92237,0.9349,0.91922,0.9328,0,NaN,5.08626732113939,17.840413027099288,1
1727643600,0.93238,0.93772,0.92171,0.92234,0,NaN,-42.02986749938357,13.94628298232007,1
1728248400,0.92108,0.93048,0.91551,0.92928,0,NaN,3.4912681200514797,12.50996463351251,1
1728853200,0.92764,0.92928,0.91614,0.92544,0,NaN,9.394117142251813,-9.426386044079976,1
1729458000,0.92548,0.92801,0.91586,0.91752,0,NaN,12.966388479447433,-36.97280681999242,1
1730062800,0.91898,0.91946,0.90996,0.91518,0,NaN,38.38240266535574,-57.61299774706917,1
1730671200,0.91998,0.92712,0.90726,0.91588,0,NaN,62.8540272407176,-51.918071587214015,1
1731276000,0.91593,0.91828,0.90449,0.91042,0,NaN,73.11661045020749,-60.65381136618562,1
1731880800,0.91076,0.91394,0.90691,0.90818,0,NaN,40.57568232789903,-70.98905575094221,1
1732485600,0.91207,0.91652,0.90766,0.91283,0,NaN,58.09255147938729,-90.85136049753422,1
1733090400,0.91108,0.91282,0.90009,0.90462,0,NaN,44.98597008220359,-99.99999999999999,1
1733695200,0.90476,0.91356,0.89837,0.90581,0,NaN,100,-79.60118123455396,1
1734300000,0.90406,0.90797,0.8956,0.89868,0,NaN,63.12831996222269,-85.77643469251944,1
1734904800,0.89902,0.90038,0.8939,0.89686,0,NaN,61.245729262629155,-86.92016308905615,1
1735509600,0.89627,0.89912,0.88957,0.88998,0,NaN,60.433449380308375,-76.45394532153163,1
1735682400,0.89004,0.90184,0.88922,0.89547,0,NaN,64.33957663496953,-68.27024478297275,1
1736287200,0.89476,0.89614,0.8851,0.88887,0,NaN,44.1182599918311,-92.4277801230098,1
1736892000,0.8891,0.90354,0.88738,0.89854,0,NaN,43.32535040425741,-46.46514189708021,1
1737496800,0.89858,0.90678,0.89691,0.9004,0,NaN,37.691899794266206,-30.82477709562498,1
1738101600,0.90034,0.90944,0.89386,0.89608,0,NaN,33.80046857807029,-30.540810998222433,1
1738706400,0.89541,0.9019,0.89454,0.89922,0,NaN,32.434665178115694,-18.9172043492225,1
1739311200,0.89937,0.90351,0.89324,0.90164,0,NaN,3.997143927442746,-20.62636053186587,1
1739916000,0.90156,0.90836,0.90026,0.90826,0,NaN,-17.673510807182424,11.03482539676816,1
1740520800,0.90802,0.90884,0.89519,0.90278,0,NaN,13.283001910157147,26.0798143658943,1
1741125600,0.90262,0.9125,0.90054,0.90907,0,NaN,-0.8341422060958799,65.76783283035213,1
1741726800,0.90911,0.91304,0.9024,0.90942,0,NaN,-16.948779197575195,70.00198397507269,1
1742331600,0.90948,0.91132,0.89728,0.89992,0,NaN,-2.0246046986533734,72.81579550516125,1
1742936400,0.89986,0.90348,0.89422,0.89793,0,NaN,-23.571659711722372,46.26222057658082,1
1743541200,0.89728,0.90454,0.84573,0.8494,0,NaN,-30.2741669259137,-14.713047080202902,1
1744146000,0.84984,0.88794,0.84416,0.8857,0,NaN,-39.29917986143676,40.9435366707784,1
1744750800,0.88566,0.88894,0.87901,0.87912,0,NaN,-83.71553650013574,63.617068441943786,1
1745355600,0.87924,0.89124,0.87924,0.88307,0,NaN,-77.7036855698953,68.84809277754933,1
1745960400,0.88298,0.8964,0.87978,0.89466,0,NaN,-64.5856623780295,58.02274240061898,1
1746565200,0.8947,0.90398,0.888,0.90184,0,NaN,-56.73380986560626,62.010932220668224,1
1747170000,0.90182,0.90432,0.89063,0.89394,0,NaN,-76.11623244292645,20.069526753136252,1
1747774800,0.89425,0.89678,0.88585,0.8899,0,NaN,-77.56074595159494,17.183755268929016,1
1748379600,0.89024,0.89126,0.88339,0.88677,0,NaN,-85.71298104554177,29.911594450899525,1
1748984400,0.88586,0.89476,0.88509,0.8916,0,NaN,-83.30397658429989,57.58345557329121,1
1749589200,0.89164,0.89378,0.87976,0.88564,0,NaN,-65.61447527126343,100,1
1750194000,0.88562,0.89338,0.87905,0.89056,0,NaN,-51.146082513371745,43.318779015070064,1
1750798800,0.88988,0.89836,0.88974,0.8983,0,NaN,5.695392881950768,38.7858878113379,1
1751403600,0.89655,0.89827,0.88662,0.89216,0,NaN,-32.123341997462376,29.02269030339756,1
1752008400,0.89237,0.90226,0.891,0.89384,0,NaN,-39.77434217983117,21.60533451222276,1
1752613200,0.89425,0.89672,0.88766,0.8924,0,NaN,-58.36164007500793,5.300125892530293,1